experiment_id,method,target_name,kernel_name,seed,evaluation,candidate,best_candidate,objective_value,best_objective_value,bo_overhead_time,objective_eval_time,cumulative_wallclock_time,distance_to_best,distance_to_topk,ei_optimizer,ei_random_best,ei_ratio,ei_random_mean,sigma_random_mean,sigma_random_max,gp_rank_spearman,gp_rank_kendall,gp_rank_pearson
target_len_5_noisy_hierarchical_damg_kernel_13_7,bo,target_len_5,noisy_hierarchical_damg_kernel_13,7,1,"
Learner(
    model= (
        ((DAMGrepository.Linear(in_features=1, out_features=5, bias=True), 1, 5)) ; ((DAMGrepository.Linear(in_features=2, out_features=2, bias=False), 2, 2) || (DAMGrepository.Linear(in_features=3, out_features=1, bias=False), 3, 1)) ; ((DAMGrepository.Sum(with_constant=0), 2, 1) || (DAMGrepository.Sigmoid(), 1, 1)) ; ((DAMGrepository.Sum(with_constant=-1), 1, 1) || (DAMGrepository.Copy(out_dimension=2), 1, 2)) ; ((DAMGrepository.Linear(in_features=3, out_features=1, bias=False), 3, 1))
        ), 
    loss= DAMGrepository.MSEloss(reduction='mean'), 
    optimizer= DAMGrepository.Adam(learning_rate=0.01, betas=(0.9, 0.999), eps=1e-08, weight_decay=0.0, amsgrad=False, maximize=False, capturable=False, differentiable=False, decoupled_weight_decay=False), 
    epochs= 2000
    )
","
Learner(
    model= (
        ((DAMGrepository.Linear(in_features=1, out_features=5, bias=True), 1, 5)) ; ((DAMGrepository.Linear(in_features=2, out_features=2, bias=False), 2, 2) || (DAMGrepository.Linear(in_features=3, out_features=1, bias=False), 3, 1)) ; ((DAMGrepository.Sum(with_constant=0), 2, 1) || (DAMGrepository.Sigmoid(), 1, 1)) ; ((DAMGrepository.Sum(with_constant=-1), 1, 1) || (DAMGrepository.Copy(out_dimension=2), 1, 2)) ; ((DAMGrepository.Linear(in_features=3, out_features=1, bias=False), 3, 1))
        ), 
    loss= DAMGrepository.MSEloss(reduction='mean'), 
    optimizer= DAMGrepository.Adam(learning_rate=0.01, betas=(0.9, 0.999), eps=1e-08, weight_decay=0.0, amsgrad=False, maximize=False, capturable=False, differentiable=False, decoupled_weight_decay=False), 
    epochs= 2000
    )
",10.001255989074707,10.001255989074707,183.48974442947656,2.2396905897185206,185.72943501919508,0.30457589914603134,0.35439983875600184,,,,,,,0.9363636363636365,0.8545454545454545,0.983138292379924
target_len_5_noisy_hierarchical_damg_kernel_13_7,bo,target_len_5,noisy_hierarchical_damg_kernel_13,7,2,"
Learner(
    model= (
        ((DAMGrepository.Linear(in_features=1, out_features=5, bias=True), 1, 5)) ; ((DAMGrepository.Linear(in_features=3, out_features=2, bias=False), 3, 2) || edges(1) || (DAMGrepository.Sigmoid(), 1, 1)) ; ((DAMGrepository.Product(with_constant=1), 4, 1)) ; ((DAMGrepository.Linear(in_features=1, out_features=4, bias=True), 1, 4)) ; ((DAMGrepository.Product(with_constant=1), 4, 1))
        ), 
    loss= DAMGrepository.MSEloss(reduction='mean'), 
    optimizer= DAMGrepository.Adam(learning_rate=0.01, betas=(0.9, 0.999), eps=1e-08, weight_decay=0.0, amsgrad=False, maximize=False, capturable=False, differentiable=False, decoupled_weight_decay=False), 
    epochs= 2000
    )
","
Learner(
    model= (
        ((DAMGrepository.Linear(in_features=1, out_features=5, bias=True), 1, 5)) ; ((DAMGrepository.Linear(in_features=3, out_features=2, bias=False), 3, 2) || edges(1) || (DAMGrepository.Sigmoid(), 1, 1)) ; ((DAMGrepository.Product(with_constant=1), 4, 1)) ; ((DAMGrepository.Linear(in_features=1, out_features=4, bias=True), 1, 4)) ; ((DAMGrepository.Product(with_constant=1), 4, 1))
        ), 
    loss= DAMGrepository.MSEloss(reduction='mean'), 
    optimizer= DAMGrepository.Adam(learning_rate=0.01, betas=(0.9, 0.999), eps=1e-08, weight_decay=0.0, amsgrad=False, maximize=False, capturable=False, differentiable=False, decoupled_weight_decay=False), 
    epochs= 2000
    )
",2.602308511734009,2.602308511734009,173.48873598407954,2.202948935329914,361.42111993860453,0.5241152754508109,0.4894465225418349,,,,,,,0.8811188811188813,0.7272727272727272,0.8880562491294445
target_len_5_noisy_hierarchical_damg_kernel_13_7,bo,target_len_5,noisy_hierarchical_damg_kernel_13,7,3,"
Learner(
    model= (
        ((DAMGrepository.Linear(in_features=1, out_features=4, bias=True), 1, 4)) ; ((DAMGrepository.Linear(in_features=2, out_features=3, bias=False), 2, 3) || edges(1) || (DAMGrepository.Sigmoid(), 1, 1)) ; ((DAMGrepository.Sum(with_constant=-1), 4, 1) || (DAMGrepository.Sigmoid(), 1, 1)) ; ((DAMGrepository.Sum(with_constant=1), 2, 1)) ; ((DAMGrepository.Sigmoid(), 1, 1))
        ), 
    loss= DAMGrepository.MSEloss(reduction='mean'), 
    optimizer= DAMGrepository.Adam(learning_rate=0.01, betas=(0.9, 0.999), eps=1e-08, weight_decay=0.0, amsgrad=False, maximize=False, capturable=False, differentiable=False, decoupled_weight_decay=False), 
    epochs= 2000
    )
","
Learner(
    model= (
        ((DAMGrepository.Linear(in_features=1, out_features=5, bias=True), 1, 5)) ; ((DAMGrepository.Linear(in_features=3, out_features=2, bias=False), 3, 2) || edges(1) || (DAMGrepository.Sigmoid(), 1, 1)) ; ((DAMGrepository.Product(with_constant=1), 4, 1)) ; ((DAMGrepository.Linear(in_features=1, out_features=4, bias=True), 1, 4)) ; ((DAMGrepository.Product(with_constant=1), 4, 1))
        ), 
    loss= DAMGrepository.MSEloss(reduction='mean'), 
    optimizer= DAMGrepository.Adam(learning_rate=0.01, betas=(0.9, 0.999), eps=1e-08, weight_decay=0.0, amsgrad=False, maximize=False, capturable=False, differentiable=False, decoupled_weight_decay=False), 
    epochs= 2000
    )
",21.01543426513672,2.602308511734009,184.3511518361047,1.8740449035540223,547.6463166782632,0.4192123591627568,0.4589626487741816,,,,,,,0.901098901098901,0.7435897435897434,0.8097868011084567
target_len_5_noisy_hierarchical_damg_kernel_13_7,bo,target_len_5,noisy_hierarchical_damg_kernel_13,7,4,"
Learner(
    model= (
        ((DAMGrepository.Linear(in_features=1, out_features=5, bias=True), 1, 5)) ; ((DAMGrepository.Linear(in_features=2, out_features=4, bias=False), 2, 4) || (DAMGrepository.Linear(in_features=3, out_features=1, bias=False), 3, 1)) ; (edges(4) || (DAMGrepository.Sigmoid(), 1, 1)) ; ((DAMGrepository.Sigmoid(), 1, 1) || (DAMGrepository.Sigmoid(), 1, 1) || (DAMGrepository.Product(with_constant=1), 2, 1) || (DAMGrepository.Sigmoid(), 1, 1)) ; ((DAMGrepository.Product(with_constant=1), 4, 1))
        ), 
    loss= DAMGrepository.MSEloss(reduction='mean'), 
    optimizer= DAMGrepository.Adam(learning_rate=0.01, betas=(0.9, 0.999), eps=1e-08, weight_decay=0.0, amsgrad=False, maximize=False, capturable=False, differentiable=False, decoupled_weight_decay=False), 
    epochs= 2000
    )
","
Learner(
    model= (
        ((DAMGrepository.Linear(in_features=1, out_features=5, bias=True), 1, 5)) ; ((DAMGrepository.Linear(in_features=2, out_features=4, bias=False), 2, 4) || (DAMGrepository.Linear(in_features=3, out_features=1, bias=False), 3, 1)) ; (edges(4) || (DAMGrepository.Sigmoid(), 1, 1)) ; ((DAMGrepository.Sigmoid(), 1, 1) || (DAMGrepository.Sigmoid(), 1, 1) || (DAMGrepository.Product(with_constant=1), 2, 1) || (DAMGrepository.Sigmoid(), 1, 1)) ; ((DAMGrepository.Product(with_constant=1), 4, 1))
        ), 
    loss= DAMGrepository.MSEloss(reduction='mean'), 
    optimizer= DAMGrepository.Adam(learning_rate=0.01, betas=(0.9, 0.999), eps=1e-08, weight_decay=0.0, amsgrad=False, maximize=False, capturable=False, differentiable=False, decoupled_weight_decay=False), 
    epochs= 2000
    )
",1.6966696977615356,1.6966696977615356,356.7284086337313,2.526163447648287,906.9008887596428,0.4266685970479571,0.43556138028147295,,,,,,,0.9956043956043955,0.9780219780219781,0.9979094581823384
target_len_5_noisy_hierarchical_damg_kernel_13_7,bo,target_len_5,noisy_hierarchical_damg_kernel_13,7,5,"
Learner(
    model= (
        ((DAMGrepository.Linear(in_features=1, out_features=5, bias=True), 1, 5)) ; ((DAMGrepository.Linear(in_features=3, out_features=1, bias=False), 3, 1) || (DAMGrepository.Copy(out_dimension=2), 1, 2) || (DAMGrepository.Sigmoid(), 1, 1)) ; ((DAMGrepository.Product(with_constant=1), 2, 1) || (DAMGrepository.Sum(with_constant=0), 2, 1)) ; ((DAMGrepository.Linear(in_features=1, out_features=3, bias=False), 1, 3) || (DAMGrepository.Sigmoid(), 1, 1)) ; ((DAMGrepository.Product(with_constant=1), 4, 1))
        ), 
    loss= DAMGrepository.MSEloss(reduction='mean'), 
    optimizer= DAMGrepository.Adam(learning_rate=0.01, betas=(0.9, 0.999), eps=1e-08, weight_decay=0.0, amsgrad=False, maximize=False, capturable=False, differentiable=False, decoupled_weight_decay=False), 
    epochs= 2000
    )
","
Learner(
    model= (
        ((DAMGrepository.Linear(in_features=1, out_features=5, bias=True), 1, 5)) ; ((DAMGrepository.Linear(in_features=2, out_features=4, bias=False), 2, 4) || (DAMGrepository.Linear(in_features=3, out_features=1, bias=False), 3, 1)) ; (edges(4) || (DAMGrepository.Sigmoid(), 1, 1)) ; ((DAMGrepository.Sigmoid(), 1, 1) || (DAMGrepository.Sigmoid(), 1, 1) || (DAMGrepository.Product(with_constant=1), 2, 1) || (DAMGrepository.Sigmoid(), 1, 1)) ; ((DAMGrepository.Product(with_constant=1), 4, 1))
        ), 
    loss= DAMGrepository.MSEloss(reduction='mean'), 
    optimizer= DAMGrepository.Adam(learning_rate=0.01, betas=(0.9, 0.999), eps=1e-08, weight_decay=0.0, amsgrad=False, maximize=False, capturable=False, differentiable=False, decoupled_weight_decay=False), 
    epochs= 2000
    )
",2.747671127319336,1.6966696977615356,215.14703025948256,2.165357895195484,1124.2132769143209,0.3202439079303651,0.3801391139239826,,,,,,,1.0,1.0,0.9996261136430392
target_len_5_noisy_hierarchical_damg_kernel_13_7,bo,target_len_5,noisy_hierarchical_damg_kernel_13,7,6,"
Learner(
    model= (
        ((DAMGrepository.Linear(in_features=1, out_features=5, bias=True), 1, 5)) ; ((DAMGrepository.Sum(with_constant=0), 2, 1) || (DAMGrepository.Sum(with_constant=0), 2, 1) || (DAMGrepository.Sigmoid(), 1, 1)) ; ((DAMGrepository.Sigmoid(), 1, 1) || (DAMGrepository.Linear(in_features=1, out_features=3, bias=False), 1, 3) || (DAMGrepository.Sigmoid(), 1, 1)) ; ((DAMGrepository.Product(with_constant=1), 2, 1) || (DAMGrepository.Product(with_constant=1), 2, 1) || (DAMGrepository.Sigmoid(), 1, 1)) ; ((DAMGrepository.Linear(in_features=3, out_features=1, bias=False), 3, 1))
        ), 
    loss= DAMGrepository.MSEloss(reduction='mean'), 
    optimizer= DAMGrepository.Adam(learning_rate=0.01, betas=(0.9, 0.999), eps=1e-08, weight_decay=0.0, amsgrad=False, maximize=False, capturable=False, differentiable=False, decoupled_weight_decay=False), 
    epochs= 2000
    )
","
Learner(
    model= (
        ((DAMGrepository.Linear(in_features=1, out_features=5, bias=True), 1, 5)) ; ((DAMGrepository.Sum(with_constant=0), 2, 1) || (DAMGrepository.Sum(with_constant=0), 2, 1) || (DAMGrepository.Sigmoid(), 1, 1)) ; ((DAMGrepository.Sigmoid(), 1, 1) || (DAMGrepository.Linear(in_features=1, out_features=3, bias=False), 1, 3) || (DAMGrepository.Sigmoid(), 1, 1)) ; ((DAMGrepository.Product(with_constant=1), 2, 1) || (DAMGrepository.Product(with_constant=1), 2, 1) || (DAMGrepository.Sigmoid(), 1, 1)) ; ((DAMGrepository.Linear(in_features=3, out_features=1, bias=False), 3, 1))
        ), 
    loss= DAMGrepository.MSEloss(reduction='mean'), 
    optimizer= DAMGrepository.Adam(learning_rate=0.01, betas=(0.9, 0.999), eps=1e-08, weight_decay=0.0, amsgrad=False, maximize=False, capturable=False, differentiable=False, decoupled_weight_decay=False), 
    epochs= 2000
    )
",1.3105345964431763,1.3105345964431763,263.1993389027193,2.407398725859821,1389.8200145429,0.2753096437850341,0.38356524575664586,,,,,,,0.9823529411764707,0.9500000000000001,0.9992648511296461
target_len_5_noisy_hierarchical_damg_kernel_13_7,bo,target_len_5,noisy_hierarchical_damg_kernel_13,7,7,"
Learner(
    model= (
        ((DAMGrepository.Linear(in_features=1, out_features=5, bias=True), 1, 5)) ; ((DAMGrepository.Linear(in_features=3, out_features=1, bias=False), 3, 1) || (DAMGrepository.Sigmoid(), 1, 1) || (DAMGrepository.Linear(in_features=1, out_features=3, bias=False), 1, 3)) ; ((DAMGrepository.Linear(in_features=5, out_features=1, bias=True), 5, 1)) ; ((DAMGrepository.Linear(in_features=1, out_features=4, bias=True), 1, 4)) ; ((DAMGrepository.Product(with_constant=1), 4, 1))
        ), 
    loss= DAMGrepository.MSEloss(reduction='mean'), 
    optimizer= DAMGrepository.Adam(learning_rate=0.01, betas=(0.9, 0.999), eps=1e-08, weight_decay=0.0, amsgrad=False, maximize=False, capturable=False, differentiable=False, decoupled_weight_decay=False), 
    epochs= 2000
    )
","
Learner(
    model= (
        ((DAMGrepository.Linear(in_features=1, out_features=5, bias=True), 1, 5)) ; ((DAMGrepository.Sum(with_constant=0), 2, 1) || (DAMGrepository.Sum(with_constant=0), 2, 1) || (DAMGrepository.Sigmoid(), 1, 1)) ; ((DAMGrepository.Sigmoid(), 1, 1) || (DAMGrepository.Linear(in_features=1, out_features=3, bias=False), 1, 3) || (DAMGrepository.Sigmoid(), 1, 1)) ; ((DAMGrepository.Product(with_constant=1), 2, 1) || (DAMGrepository.Product(with_constant=1), 2, 1) || (DAMGrepository.Sigmoid(), 1, 1)) ; ((DAMGrepository.Linear(in_features=3, out_features=1, bias=False), 3, 1))
        ), 
    loss= DAMGrepository.MSEloss(reduction='mean'), 
    optimizer= DAMGrepository.Adam(learning_rate=0.01, betas=(0.9, 0.999), eps=1e-08, weight_decay=0.0, amsgrad=False, maximize=False, capturable=False, differentiable=False, decoupled_weight_decay=False), 
    epochs= 2000
    )
",2.757906198501587,1.3105345964431763,157.12201239913702,2.1462201550602913,1549.0882470970973,0.4837961038422843,0.4330310256783191,,,,,,,1.0,0.9999999999999999,0.9991794040758402
target_len_5_noisy_hierarchical_damg_kernel_13_7,bo,target_len_5,noisy_hierarchical_damg_kernel_13,7,8,"
Learner(
    model= (
        ((DAMGrepository.Linear(in_features=1, out_features=5, bias=True), 1, 5)) ; ((DAMGrepository.Linear(in_features=3, out_features=1, bias=False), 3, 1) || (DAMGrepository.Sigmoid(), 1, 1) || (DAMGrepository.Linear(in_features=1, out_features=3, bias=False), 1, 3)) ; ((DAMGrepository.Linear(in_features=3, out_features=1, bias=False), 3, 1) || (DAMGrepository.Sigmoid(), 1, 1) || (DAMGrepository.Linear(in_features=1, out_features=3, bias=False), 1, 3)) ; ((DAMGrepository.Copy(out_dimension=3), 1, 3) || (DAMGrepository.Product(with_constant=1), 4, 1)) ; ((DAMGrepository.Product(with_constant=1), 4, 1))
        ), 
    loss= DAMGrepository.MSEloss(reduction='mean'), 
    optimizer= DAMGrepository.Adam(learning_rate=0.01, betas=(0.9, 0.999), eps=1e-08, weight_decay=0.0, amsgrad=False, maximize=False, capturable=False, differentiable=False, decoupled_weight_decay=False), 
    epochs= 2000
    )
","
Learner(
    model= (
        ((DAMGrepository.Linear(in_features=1, out_features=5, bias=True), 1, 5)) ; ((DAMGrepository.Sum(with_constant=0), 2, 1) || (DAMGrepository.Sum(with_constant=0), 2, 1) || (DAMGrepository.Sigmoid(), 1, 1)) ; ((DAMGrepository.Sigmoid(), 1, 1) || (DAMGrepository.Linear(in_features=1, out_features=3, bias=False), 1, 3) || (DAMGrepository.Sigmoid(), 1, 1)) ; ((DAMGrepository.Product(with_constant=1), 2, 1) || (DAMGrepository.Product(with_constant=1), 2, 1) || (DAMGrepository.Sigmoid(), 1, 1)) ; ((DAMGrepository.Linear(in_features=3, out_features=1, bias=False), 3, 1))
        ), 
    loss= DAMGrepository.MSEloss(reduction='mean'), 
    optimizer= DAMGrepository.Adam(learning_rate=0.01, betas=(0.9, 0.999), eps=1e-08, weight_decay=0.0, amsgrad=False, maximize=False, capturable=False, differentiable=False, decoupled_weight_decay=False), 
    epochs= 2000
    )
",2.295914888381958,1.3105345964431763,229.33302523195744,2.501525405794382,1780.9227977348492,0.4247123468812376,0.41020183883219596,,,,,,,0.9876160990712075,0.9607843137254903,0.999845911765723
target_len_5_noisy_hierarchical_damg_kernel_13_7,bo,target_len_5,noisy_hierarchical_damg_kernel_13,7,9,"
Learner(
    model= (
        ((DAMGrepository.Linear(in_features=1, out_features=5, bias=True), 1, 5)) ; ((DAMGrepository.Linear(in_features=3, out_features=2, bias=False), 3, 2) || (DAMGrepository.Sum(with_constant=0), 2, 1)) ; ((DAMGrepository.Linear(in_features=2, out_features=1, bias=False), 2, 1) || (DAMGrepository.Sigmoid(), 1, 1)) ; ((DAMGrepository.Sigmoid(), 1, 1) || (DAMGrepository.Linear(in_features=1, out_features=3, bias=False), 1, 3)) ; ((DAMGrepository.Product(with_constant=1), 4, 1))
        ), 
    loss= DAMGrepository.MSEloss(reduction='mean'), 
    optimizer= DAMGrepository.Adam(learning_rate=0.01, betas=(0.9, 0.999), eps=1e-08, weight_decay=0.0, amsgrad=False, maximize=False, capturable=False, differentiable=False, decoupled_weight_decay=False), 
    epochs= 2000
    )
","
Learner(
    model= (
        ((DAMGrepository.Linear(in_features=1, out_features=5, bias=True), 1, 5)) ; ((DAMGrepository.Sum(with_constant=0), 2, 1) || (DAMGrepository.Sum(with_constant=0), 2, 1) || (DAMGrepository.Sigmoid(), 1, 1)) ; ((DAMGrepository.Sigmoid(), 1, 1) || (DAMGrepository.Linear(in_features=1, out_features=3, bias=False), 1, 3) || (DAMGrepository.Sigmoid(), 1, 1)) ; ((DAMGrepository.Product(with_constant=1), 2, 1) || (DAMGrepository.Product(with_constant=1), 2, 1) || (DAMGrepository.Sigmoid(), 1, 1)) ; ((DAMGrepository.Linear(in_features=3, out_features=1, bias=False), 3, 1))
        ), 
    loss= DAMGrepository.MSEloss(reduction='mean'), 
    optimizer= DAMGrepository.Adam(learning_rate=0.01, betas=(0.9, 0.999), eps=1e-08, weight_decay=0.0, amsgrad=False, maximize=False, capturable=False, differentiable=False, decoupled_weight_decay=False), 
    epochs= 2000
    )
",3.2194430828094482,1.3105345964431763,180.50799452513456,2.392976854927838,1963.8237691149116,0.27883253450414014,0.339662821086923,,,,,,,1.0,1.0,0.9996615513257044
target_len_5_noisy_hierarchical_damg_kernel_13_7,bo,target_len_5,noisy_hierarchical_damg_kernel_13,7,10,"
Learner(
    model= (
        ((DAMGrepository.Linear(in_features=1, out_features=5, bias=True), 1, 5)) ; ((DAMGrepository.Sigmoid(), 1, 1) || (DAMGrepository.Product(with_constant=1), 4, 1)) ; ((DAMGrepository.Sigmoid(), 1, 1) || (DAMGrepository.Linear(in_features=1, out_features=3, bias=False), 1, 3)) ; ((DAMGrepository.Sigmoid(), 1, 1) || (DAMGrepository.Copy(out_dimension=2), 1, 2) || (DAMGrepository.Product(with_constant=1), 2, 1)) ; ((DAMGrepository.Product(with_constant=1), 4, 1))
        ), 
    loss= DAMGrepository.MSEloss(reduction='mean'), 
    optimizer= DAMGrepository.Adam(learning_rate=0.01, betas=(0.9, 0.999), eps=1e-08, weight_decay=0.0, amsgrad=False, maximize=False, capturable=False, differentiable=False, decoupled_weight_decay=False), 
    epochs= 2000
    )
","
Learner(
    model= (
        ((DAMGrepository.Linear(in_features=1, out_features=5, bias=True), 1, 5)) ; ((DAMGrepository.Sum(with_constant=0), 2, 1) || (DAMGrepository.Sum(with_constant=0), 2, 1) || (DAMGrepository.Sigmoid(), 1, 1)) ; ((DAMGrepository.Sigmoid(), 1, 1) || (DAMGrepository.Linear(in_features=1, out_features=3, bias=False), 1, 3) || (DAMGrepository.Sigmoid(), 1, 1)) ; ((DAMGrepository.Product(with_constant=1), 2, 1) || (DAMGrepository.Product(with_constant=1), 2, 1) || (DAMGrepository.Sigmoid(), 1, 1)) ; ((DAMGrepository.Linear(in_features=3, out_features=1, bias=False), 3, 1))
        ), 
    loss= DAMGrepository.MSEloss(reduction='mean'), 
    optimizer= DAMGrepository.Adam(learning_rate=0.01, betas=(0.9, 0.999), eps=1e-08, weight_decay=0.0, amsgrad=False, maximize=False, capturable=False, differentiable=False, decoupled_weight_decay=False), 
    epochs= 2000
    )
",8971160.0,1.3105345964431763,269.37178153637797,2.099250027909875,2235.2948006791994,0.42626463938797265,0.4476264195494787,,,,,,,0.7954887218045112,0.8315789473684211,0.8036781465391607
target_len_5_noisy_hierarchical_damg_kernel_13_7,bo,target_len_5,noisy_hierarchical_damg_kernel_13,7,11,"
Learner(
    model= (
        ((DAMGrepository.Linear(in_features=1, out_features=5, bias=True), 1, 5)) ; ((DAMGrepository.Sigmoid(), 1, 1) || (DAMGrepository.Sum(with_constant=0), 4, 1)) ; ((DAMGrepository.Linear(in_features=1, out_features=3, bias=False), 1, 3) || (DAMGrepository.Sigmoid(), 1, 1)) ; ((DAMGrepository.Sum(with_constant=0), 2, 1) || (DAMGrepository.Sum(with_constant=0), 2, 1)) ; ((DAMGrepository.Sum(with_constant=0), 2, 1))
        ), 
    loss= DAMGrepository.MSEloss(reduction='mean'), 
    optimizer= DAMGrepository.Adam(learning_rate=0.01, betas=(0.9, 0.999), eps=1e-08, weight_decay=0.0, amsgrad=False, maximize=False, capturable=False, differentiable=False, decoupled_weight_decay=False), 
    epochs= 2000
    )
","
Learner(
    model= (
        ((DAMGrepository.Linear(in_features=1, out_features=5, bias=True), 1, 5)) ; ((DAMGrepository.Sum(with_constant=0), 2, 1) || (DAMGrepository.Sum(with_constant=0), 2, 1) || (DAMGrepository.Sigmoid(), 1, 1)) ; ((DAMGrepository.Sigmoid(), 1, 1) || (DAMGrepository.Linear(in_features=1, out_features=3, bias=False), 1, 3) || (DAMGrepository.Sigmoid(), 1, 1)) ; ((DAMGrepository.Product(with_constant=1), 2, 1) || (DAMGrepository.Product(with_constant=1), 2, 1) || (DAMGrepository.Sigmoid(), 1, 1)) ; ((DAMGrepository.Linear(in_features=3, out_features=1, bias=False), 3, 1))
        ), 
    loss= DAMGrepository.MSEloss(reduction='mean'), 
    optimizer= DAMGrepository.Adam(learning_rate=0.01, betas=(0.9, 0.999), eps=1e-08, weight_decay=0.0, amsgrad=False, maximize=False, capturable=False, differentiable=False, decoupled_weight_decay=False), 
    epochs= 2000
    )
",15.808904647827148,1.3105345964431763,173.74919160734862,1.7239031540229917,2410.767895440571,0.3336771928081818,0.46645296847779727,,,,,,,0.9376623376623376,0.8285714285714286,0.8459434779657754
target_len_5_noisy_hierarchical_damg_kernel_13_7,bo,target_len_5,noisy_hierarchical_damg_kernel_13,7,12,"
Learner(
    model= (
        ((DAMGrepository.Linear(in_features=1, out_features=5, bias=True), 1, 5)) ; ((DAMGrepository.Linear(in_features=3, out_features=4, bias=True), 3, 4) || (DAMGrepository.Sum(with_constant=0), 2, 1)) ; ((DAMGrepository.Tanh(), 2, 2) || (DAMGrepository.Sum(with_constant=0), 2, 1) || (DAMGrepository.Sigmoid(), 1, 1)) ; ((DAMGrepository.Sum(with_constant=0), 2, 1) || (DAMGrepository.Sigmoid(), 1, 1) || (DAMGrepository.Sigmoid(), 1, 1)) ; ((DAMGrepository.Linear(in_features=3, out_features=1, bias=False), 3, 1))
        ), 
    loss= DAMGrepository.MSEloss(reduction='mean'), 
    optimizer= DAMGrepository.Adam(learning_rate=0.01, betas=(0.9, 0.999), eps=1e-08, weight_decay=0.0, amsgrad=False, maximize=False, capturable=False, differentiable=False, decoupled_weight_decay=False), 
    epochs= 2000
    )
","
Learner(
    model= (
        ((DAMGrepository.Linear(in_features=1, out_features=5, bias=True), 1, 5)) ; ((DAMGrepository.Sum(with_constant=0), 2, 1) || (DAMGrepository.Sum(with_constant=0), 2, 1) || (DAMGrepository.Sigmoid(), 1, 1)) ; ((DAMGrepository.Sigmoid(), 1, 1) || (DAMGrepository.Linear(in_features=1, out_features=3, bias=False), 1, 3) || (DAMGrepository.Sigmoid(), 1, 1)) ; ((DAMGrepository.Product(with_constant=1), 2, 1) || (DAMGrepository.Product(with_constant=1), 2, 1) || (DAMGrepository.Sigmoid(), 1, 1)) ; ((DAMGrepository.Linear(in_features=3, out_features=1, bias=False), 3, 1))
        ), 
    loss= DAMGrepository.MSEloss(reduction='mean'), 
    optimizer= DAMGrepository.Adam(learning_rate=0.01, betas=(0.9, 0.999), eps=1e-08, weight_decay=0.0, amsgrad=False, maximize=False, capturable=False, differentiable=False, decoupled_weight_decay=False), 
    epochs= 2000
    )
",9.411063194274902,1.3105345964431763,275.7148215509951,2.817940527573228,2689.3006575191393,0.22615513318625827,0.38173329165577236,,,,,,,0.9006211180124224,0.7662337662337663,0.8680914503468138
target_len_5_noisy_hierarchical_damg_kernel_13_7,bo,target_len_5,noisy_hierarchical_damg_kernel_13,7,13,"
Learner(
    model= (
        ((DAMGrepository.Linear(in_features=1, out_features=5, bias=True), 1, 5)) ; ((DAMGrepository.Sigmoid(), 1, 1) || (DAMGrepository.Sigmoid(), 1, 1) || (DAMGrepository.Linear(in_features=3, out_features=1, bias=False), 3, 1)) ; ((DAMGrepository.Linear(in_features=2, out_features=4, bias=True), 2, 4) || (DAMGrepository.Sigmoid(), 1, 1)) ; ((DAMGrepository.Linear(in_features=3, out_features=1, bias=False), 3, 1) || (DAMGrepository.Sigmoid(), 1, 1) || (DAMGrepository.Sigmoid(), 1, 1)) ; ((DAMGrepository.Linear(in_features=3, out_features=1, bias=False), 3, 1))
        ), 
    loss= DAMGrepository.MSEloss(reduction='mean'), 
    optimizer= DAMGrepository.Adam(learning_rate=0.01, betas=(0.9, 0.999), eps=1e-08, weight_decay=0.0, amsgrad=False, maximize=False, capturable=False, differentiable=False, decoupled_weight_decay=False), 
    epochs= 2000
    )
","
Learner(
    model= (
        ((DAMGrepository.Linear(in_features=1, out_features=5, bias=True), 1, 5)) ; ((DAMGrepository.Sum(with_constant=0), 2, 1) || (DAMGrepository.Sum(with_constant=0), 2, 1) || (DAMGrepository.Sigmoid(), 1, 1)) ; ((DAMGrepository.Sigmoid(), 1, 1) || (DAMGrepository.Linear(in_features=1, out_features=3, bias=False), 1, 3) || (DAMGrepository.Sigmoid(), 1, 1)) ; ((DAMGrepository.Product(with_constant=1), 2, 1) || (DAMGrepository.Product(with_constant=1), 2, 1) || (DAMGrepository.Sigmoid(), 1, 1)) ; ((DAMGrepository.Linear(in_features=3, out_features=1, bias=False), 3, 1))
        ), 
    loss= DAMGrepository.MSEloss(reduction='mean'), 
    optimizer= DAMGrepository.Adam(learning_rate=0.01, betas=(0.9, 0.999), eps=1e-08, weight_decay=0.0, amsgrad=False, maximize=False, capturable=False, differentiable=False, decoupled_weight_decay=False), 
    epochs= 2000
    )
",2.2334325313568115,1.3105345964431763,267.5482169268653,2.748080070130527,2959.596954516135,0.381402718009218,0.40747464792575483,,,,,,,0.8982213438735178,0.7628458498023716,0.8924383985415739
target_len_5_noisy_hierarchical_damg_kernel_13_7,bo,target_len_5,noisy_hierarchical_damg_kernel_13,7,14,"
Learner(
    model= (
        ((DAMGrepository.Linear(in_features=1, out_features=4, bias=True), 1, 4)) ; ((DAMGrepository.Linear(in_features=3, out_features=1, bias=False), 3, 1) || (DAMGrepository.Sigmoid(), 1, 1)) ; ((DAMGrepository.Linear(in_features=1, out_features=4, bias=True), 1, 4) || (DAMGrepository.Sigmoid(), 1, 1)) ; ((DAMGrepository.Linear(in_features=3, out_features=1, bias=False), 3, 1) || (DAMGrepository.Sum(with_constant=0), 2, 1)) ; ((DAMGrepository.Sum(with_constant=0), 2, 1))
        ), 
    loss= DAMGrepository.MSEloss(reduction='mean'), 
    optimizer= DAMGrepository.Adam(learning_rate=0.01, betas=(0.9, 0.999), eps=1e-08, weight_decay=0.0, amsgrad=False, maximize=False, capturable=False, differentiable=False, decoupled_weight_decay=False), 
    epochs= 2000
    )
","
Learner(
    model= (
        ((DAMGrepository.Linear(in_features=1, out_features=5, bias=True), 1, 5)) ; ((DAMGrepository.Sum(with_constant=0), 2, 1) || (DAMGrepository.Sum(with_constant=0), 2, 1) || (DAMGrepository.Sigmoid(), 1, 1)) ; ((DAMGrepository.Sigmoid(), 1, 1) || (DAMGrepository.Linear(in_features=1, out_features=3, bias=False), 1, 3) || (DAMGrepository.Sigmoid(), 1, 1)) ; ((DAMGrepository.Product(with_constant=1), 2, 1) || (DAMGrepository.Product(with_constant=1), 2, 1) || (DAMGrepository.Sigmoid(), 1, 1)) ; ((DAMGrepository.Linear(in_features=3, out_features=1, bias=False), 3, 1))
        ), 
    loss= DAMGrepository.MSEloss(reduction='mean'), 
    optimizer= DAMGrepository.Adam(learning_rate=0.01, betas=(0.9, 0.999), eps=1e-08, weight_decay=0.0, amsgrad=False, maximize=False, capturable=False, differentiable=False, decoupled_weight_decay=False), 
    epochs= 2000
    )
",24.596187591552734,1.3105345964431763,202.10405836068094,2.0445742439478636,3163.745587120764,0.36253955646916053,0.40720810669926577,,,,,,,0.8617391304347826,0.7318840579710145,0.9097342193580122
target_len_5_noisy_hierarchical_damg_kernel_13_7,bo,target_len_5,noisy_hierarchical_damg_kernel_13,7,15,"
Learner(
    model= (
        ((DAMGrepository.Linear(in_features=1, out_features=4, bias=True), 1, 4)) ; ((DAMGrepository.Copy(out_dimension=3), 1, 3) || (DAMGrepository.Sum(with_constant=0), 2, 1) || (DAMGrepository.Sigmoid(), 1, 1)) ; ((DAMGrepository.Sigmoid(), 1, 1) || (DAMGrepository.Sum(with_constant=0), 2, 1) || (DAMGrepository.Sum(with_constant=0), 2, 1)) ; ((DAMGrepository.Sum(with_constant=0), 2, 1) || (DAMGrepository.Sigmoid(), 1, 1)) ; ((DAMGrepository.Sum(with_constant=0), 2, 1))
        ), 
    loss= DAMGrepository.MSEloss(reduction='mean'), 
    optimizer= DAMGrepository.Adam(learning_rate=0.01, betas=(0.9, 0.999), eps=1e-08, weight_decay=0.0, amsgrad=False, maximize=False, capturable=False, differentiable=False, decoupled_weight_decay=False), 
    epochs= 2000
    )
","
Learner(
    model= (
        ((DAMGrepository.Linear(in_features=1, out_features=5, bias=True), 1, 5)) ; ((DAMGrepository.Sum(with_constant=0), 2, 1) || (DAMGrepository.Sum(with_constant=0), 2, 1) || (DAMGrepository.Sigmoid(), 1, 1)) ; ((DAMGrepository.Sigmoid(), 1, 1) || (DAMGrepository.Linear(in_features=1, out_features=3, bias=False), 1, 3) || (DAMGrepository.Sigmoid(), 1, 1)) ; ((DAMGrepository.Product(with_constant=1), 2, 1) || (DAMGrepository.Product(with_constant=1), 2, 1) || (DAMGrepository.Sigmoid(), 1, 1)) ; ((DAMGrepository.Linear(in_features=3, out_features=1, bias=False), 3, 1))
        ), 
    loss= DAMGrepository.MSEloss(reduction='mean'), 
    optimizer= DAMGrepository.Adam(learning_rate=0.01, betas=(0.9, 0.999), eps=1e-08, weight_decay=0.0, amsgrad=False, maximize=False, capturable=False, differentiable=False, decoupled_weight_decay=False), 
    epochs= 2000
    )
",23.133817672729492,1.3105345964431763,217.84040508512408,1.9040950266644359,3383.4900872325525,0.31267512048251306,0.4697471453089251,,,,,,,0.8753846153846153,0.7333333333333332,0.912311057577953
target_len_5_noisy_hierarchical_damg_kernel_13_7,bo,target_len_5,noisy_hierarchical_damg_kernel_13,7,16,"
Learner(
    model= (
        ((DAMGrepository.Linear(in_features=1, out_features=4, bias=True), 1, 4)) ; ((DAMGrepository.Sigmoid(), 1, 1) || (DAMGrepository.Sum(with_constant=0), 2, 1) || (DAMGrepository.Sigmoid(), 1, 1)) ; ((DAMGrepository.Linear(in_features=1, out_features=4, bias=True), 1, 4) || (DAMGrepository.Sum(with_constant=0), 2, 1)) ; (edges(2) || (DAMGrepository.Linear(in_features=3, out_features=1, bias=False), 3, 1)) ; ((DAMGrepository.Linear(in_features=3, out_features=1, bias=False), 3, 1))
        ), 
    loss= DAMGrepository.MSEloss(reduction='mean'), 
    optimizer= DAMGrepository.Adam(learning_rate=0.01, betas=(0.9, 0.999), eps=1e-08, weight_decay=0.0, amsgrad=False, maximize=False, capturable=False, differentiable=False, decoupled_weight_decay=False), 
    epochs= 2000
    )
","
Learner(
    model= (
        ((DAMGrepository.Linear(in_features=1, out_features=5, bias=True), 1, 5)) ; ((DAMGrepository.Sum(with_constant=0), 2, 1) || (DAMGrepository.Sum(with_constant=0), 2, 1) || (DAMGrepository.Sigmoid(), 1, 1)) ; ((DAMGrepository.Sigmoid(), 1, 1) || (DAMGrepository.Linear(in_features=1, out_features=3, bias=False), 1, 3) || (DAMGrepository.Sigmoid(), 1, 1)) ; ((DAMGrepository.Product(with_constant=1), 2, 1) || (DAMGrepository.Product(with_constant=1), 2, 1) || (DAMGrepository.Sigmoid(), 1, 1)) ; ((DAMGrepository.Linear(in_features=3, out_features=1, bias=False), 3, 1))
        ), 
    loss= DAMGrepository.MSEloss(reduction='mean'), 
    optimizer= DAMGrepository.Adam(learning_rate=0.01, betas=(0.9, 0.999), eps=1e-08, weight_decay=0.0, amsgrad=False, maximize=False, capturable=False, differentiable=False, decoupled_weight_decay=False), 
    epochs= 2000
    )
",2.4640166759490967,1.3105345964431763,219.51685996446759,2.144375355914235,3605.1513225529343,0.3209132452778432,0.3648373511808273,,,,,,,0.8776068376068377,0.7292307692307692,0.9219996137158954
target_len_5_noisy_hierarchical_damg_kernel_13_7,bo,target_len_5,noisy_hierarchical_damg_kernel_13,7,17,"
Learner(
    model= (
        ((DAMGrepository.Linear(in_features=1, out_features=5, bias=True), 1, 5)) ; ((DAMGrepository.Linear(in_features=3, out_features=2, bias=False), 3, 2) || (DAMGrepository.Sigmoid(), 1, 1) || (DAMGrepository.Sigmoid(), 1, 1)) ; ((DAMGrepository.Sigmoid(), 1, 1) || (DAMGrepository.Linear(in_features=3, out_features=1, bias=False), 3, 1)) ; ((DAMGrepository.Sigmoid(), 1, 1) || (DAMGrepository.Linear(in_features=1, out_features=2, bias=True), 1, 2)) ; ((DAMGrepository.Linear(in_features=3, out_features=1, bias=False), 3, 1))
        ), 
    loss= DAMGrepository.MSEloss(reduction='mean'), 
    optimizer= DAMGrepository.Adam(learning_rate=0.01, betas=(0.9, 0.999), eps=1e-08, weight_decay=0.0, amsgrad=False, maximize=False, capturable=False, differentiable=False, decoupled_weight_decay=False), 
    epochs= 2000
    )
","
Learner(
    model= (
        ((DAMGrepository.Linear(in_features=1, out_features=5, bias=True), 1, 5)) ; ((DAMGrepository.Sum(with_constant=0), 2, 1) || (DAMGrepository.Sum(with_constant=0), 2, 1) || (DAMGrepository.Sigmoid(), 1, 1)) ; ((DAMGrepository.Sigmoid(), 1, 1) || (DAMGrepository.Linear(in_features=1, out_features=3, bias=False), 1, 3) || (DAMGrepository.Sigmoid(), 1, 1)) ; ((DAMGrepository.Product(with_constant=1), 2, 1) || (DAMGrepository.Product(with_constant=1), 2, 1) || (DAMGrepository.Sigmoid(), 1, 1)) ; ((DAMGrepository.Linear(in_features=3, out_features=1, bias=False), 3, 1))
        ), 
    loss= DAMGrepository.MSEloss(reduction='mean'), 
    optimizer= DAMGrepository.Adam(learning_rate=0.01, betas=(0.9, 0.999), eps=1e-08, weight_decay=0.0, amsgrad=False, maximize=False, capturable=False, differentiable=False, decoupled_weight_decay=False), 
    epochs= 2000
    )
",2.212064266204834,1.3105345964431763,251.32417121063918,2.567018574103713,3859.042512337677,0.3498158429462441,0.37925128305319467,,,,,,,0.865079365079365,0.720797720797721,0.9367960748449975
target_len_5_noisy_hierarchical_damg_kernel_13_7,bo,target_len_5,noisy_hierarchical_damg_kernel_13,7,18,"
Learner(
    model= (
        ((DAMGrepository.Linear(in_features=1, out_features=5, bias=True), 1, 5)) ; ((DAMGrepository.Sigmoid(), 1, 1) || (DAMGrepository.Sum(with_constant=0), 2, 1) || (DAMGrepository.Sigmoid(), 1, 1) || (DAMGrepository.Sigmoid(), 1, 1)) ; ((DAMGrepository.Linear(in_features=1, out_features=4, bias=True), 1, 4) || (DAMGrepository.Linear(in_features=3, out_features=1, bias=False), 3, 1)) ; ((DAMGrepository.Linear(in_features=3, out_features=2, bias=False), 3, 2) || (DAMGrepository.Sum(with_constant=0), 2, 1)) ; ((DAMGrepository.Linear(in_features=3, out_features=1, bias=False), 3, 1))
        ), 
    loss= DAMGrepository.MSEloss(reduction='mean'), 
    optimizer= DAMGrepository.Adam(learning_rate=0.01, betas=(0.9, 0.999), eps=1e-08, weight_decay=0.0, amsgrad=False, maximize=False, capturable=False, differentiable=False, decoupled_weight_decay=False), 
    epochs= 2000
    )
","
Learner(
    model= (
        ((DAMGrepository.Linear(in_features=1, out_features=5, bias=True), 1, 5)) ; ((DAMGrepository.Sum(with_constant=0), 2, 1) || (DAMGrepository.Sum(with_constant=0), 2, 1) || (DAMGrepository.Sigmoid(), 1, 1)) ; ((DAMGrepository.Sigmoid(), 1, 1) || (DAMGrepository.Linear(in_features=1, out_features=3, bias=False), 1, 3) || (DAMGrepository.Sigmoid(), 1, 1)) ; ((DAMGrepository.Product(with_constant=1), 2, 1) || (DAMGrepository.Product(with_constant=1), 2, 1) || (DAMGrepository.Sigmoid(), 1, 1)) ; ((DAMGrepository.Linear(in_features=3, out_features=1, bias=False), 3, 1))
        ), 
    loss= DAMGrepository.MSEloss(reduction='mean'), 
    optimizer= DAMGrepository.Adam(learning_rate=0.01, betas=(0.9, 0.999), eps=1e-08, weight_decay=0.0, amsgrad=False, maximize=False, capturable=False, differentiable=False, decoupled_weight_decay=False), 
    epochs= 2000
    )
",2.152771234512329,1.3105345964431763,259.06144015397877,2.8551420168951154,4120.959094508551,0.2621339752784239,0.3310519820358731,,,,,,,0.8877941981390256,0.7407407407407407,0.9482082650474084
target_len_5_noisy_hierarchical_damg_kernel_13_7,bo,target_len_5,noisy_hierarchical_damg_kernel_13,7,19,"
Learner(
    model= (
        ((DAMGrepository.Linear(in_features=1, out_features=5, bias=True), 1, 5)) ; ((DAMGrepository.Linear(in_features=3, out_features=1, bias=False), 3, 1) || (DAMGrepository.Sum(with_constant=0), 2, 1)) ; ((DAMGrepository.Linear(in_features=1, out_features=4, bias=True), 1, 4) || (DAMGrepository.Sigmoid(), 1, 1)) ; ((DAMGrepository.Linear(in_features=2, out_features=2, bias=True), 2, 2) || (DAMGrepository.Linear(in_features=3, out_features=1, bias=False), 3, 1)) ; ((DAMGrepository.Linear(in_features=3, out_features=1, bias=False), 3, 1))
        ), 
    loss= DAMGrepository.MSEloss(reduction='mean'), 
    optimizer= DAMGrepository.Adam(learning_rate=0.01, betas=(0.9, 0.999), eps=1e-08, weight_decay=0.0, amsgrad=False, maximize=False, capturable=False, differentiable=False, decoupled_weight_decay=False), 
    epochs= 2000
    )
","
Learner(
    model= (
        ((DAMGrepository.Linear(in_features=1, out_features=5, bias=True), 1, 5)) ; ((DAMGrepository.Sum(with_constant=0), 2, 1) || (DAMGrepository.Sum(with_constant=0), 2, 1) || (DAMGrepository.Sigmoid(), 1, 1)) ; ((DAMGrepository.Sigmoid(), 1, 1) || (DAMGrepository.Linear(in_features=1, out_features=3, bias=False), 1, 3) || (DAMGrepository.Sigmoid(), 1, 1)) ; ((DAMGrepository.Product(with_constant=1), 2, 1) || (DAMGrepository.Product(with_constant=1), 2, 1) || (DAMGrepository.Sigmoid(), 1, 1)) ; ((DAMGrepository.Linear(in_features=3, out_features=1, bias=False), 3, 1))
        ), 
    loss= DAMGrepository.MSEloss(reduction='mean'), 
    optimizer= DAMGrepository.Adam(learning_rate=0.01, betas=(0.9, 0.999), eps=1e-08, weight_decay=0.0, amsgrad=False, maximize=False, capturable=False, differentiable=False, decoupled_weight_decay=False), 
    epochs= 2000
    )
",4.791145324707031,1.3105345964431763,168.6608262108639,2.7430967381224036,4292.363017457537,0.32624543523407185,0.33286629949934243,,,,,,,0.8866995073891623,0.7438423645320196,0.9567137091335748
target_len_5_noisy_hierarchical_damg_kernel_13_7,bo,target_len_5,noisy_hierarchical_damg_kernel_13,7,20,"
Learner(
    model= (
        ((DAMGrepository.Linear(in_features=1, out_features=5, bias=True), 1, 5)) ; ((DAMGrepository.Linear(in_features=3, out_features=1, bias=False), 3, 1) || (DAMGrepository.Sum(with_constant=0), 2, 1)) ; ((DAMGrepository.Sigmoid(), 1, 1) || (DAMGrepository.Linear(in_features=1, out_features=4, bias=True), 1, 4)) ; ((DAMGrepository.Sigmoid(), 1, 1) || (DAMGrepository.Linear(in_features=3, out_features=1, bias=False), 3, 1) || (DAMGrepository.ReLu(inplace=False), 1, 1)) ; ((DAMGrepository.Linear(in_features=3, out_features=1, bias=False), 3, 1))
        ), 
    loss= DAMGrepository.MSEloss(reduction='mean'), 
    optimizer= DAMGrepository.Adam(learning_rate=0.01, betas=(0.9, 0.999), eps=1e-08, weight_decay=0.0, amsgrad=False, maximize=False, capturable=False, differentiable=False, decoupled_weight_decay=False), 
    epochs= 2000
    )
","
Learner(
    model= (
        ((DAMGrepository.Linear(in_features=1, out_features=5, bias=True), 1, 5)) ; ((DAMGrepository.Sum(with_constant=0), 2, 1) || (DAMGrepository.Sum(with_constant=0), 2, 1) || (DAMGrepository.Sigmoid(), 1, 1)) ; ((DAMGrepository.Sigmoid(), 1, 1) || (DAMGrepository.Linear(in_features=1, out_features=3, bias=False), 1, 3) || (DAMGrepository.Sigmoid(), 1, 1)) ; ((DAMGrepository.Product(with_constant=1), 2, 1) || (DAMGrepository.Product(with_constant=1), 2, 1) || (DAMGrepository.Sigmoid(), 1, 1)) ; ((DAMGrepository.Linear(in_features=3, out_features=1, bias=False), 3, 1))
        ), 
    loss= DAMGrepository.MSEloss(reduction='mean'), 
    optimizer= DAMGrepository.Adam(learning_rate=0.01, betas=(0.9, 0.999), eps=1e-08, weight_decay=0.0, amsgrad=False, maximize=False, capturable=False, differentiable=False, decoupled_weight_decay=False), 
    epochs= 2000
    )
",23.18934440612793,1.3105345964431763,233.65767474845052,2.269875650294125,4528.290567856282,0.32101129036389076,0.348128023798305,,,,,,,0.821579532814238,0.6827586206896552,0.952662570500288
target_len_5_noisy_hierarchical_damg_kernel_13_7,bo,target_len_5,noisy_hierarchical_damg_kernel_13,7,21,"
Learner(
    model= (
        ((DAMGrepository.Linear(in_features=1, out_features=5, bias=True), 1, 5)) ; (swap(2, 1, 1) || (DAMGrepository.Linear(in_features=3, out_features=1, bias=False), 3, 1)) ; ((DAMGrepository.Sigmoid(), 1, 1) || (DAMGrepository.Linear(in_features=1, out_features=3, bias=False), 1, 3) || (DAMGrepository.Sigmoid(), 1, 1)) ; (edges(2) || (DAMGrepository.Linear(in_features=3, out_features=1, bias=False), 3, 1)) ; ((DAMGrepository.Linear(in_features=3, out_features=1, bias=False), 3, 1))
        ), 
    loss= DAMGrepository.MSEloss(reduction='mean'), 
    optimizer= DAMGrepository.Adam(learning_rate=0.01, betas=(0.9, 0.999), eps=1e-08, weight_decay=0.0, amsgrad=False, maximize=False, capturable=False, differentiable=False, decoupled_weight_decay=False), 
    epochs= 2000
    )
","
Learner(
    model= (
        ((DAMGrepository.Linear(in_features=1, out_features=5, bias=True), 1, 5)) ; ((DAMGrepository.Sum(with_constant=0), 2, 1) || (DAMGrepository.Sum(with_constant=0), 2, 1) || (DAMGrepository.Sigmoid(), 1, 1)) ; ((DAMGrepository.Sigmoid(), 1, 1) || (DAMGrepository.Linear(in_features=1, out_features=3, bias=False), 1, 3) || (DAMGrepository.Sigmoid(), 1, 1)) ; ((DAMGrepository.Product(with_constant=1), 2, 1) || (DAMGrepository.Product(with_constant=1), 2, 1) || (DAMGrepository.Sigmoid(), 1, 1)) ; ((DAMGrepository.Linear(in_features=3, out_features=1, bias=False), 3, 1))
        ), 
    loss= DAMGrepository.MSEloss(reduction='mean'), 
    optimizer= DAMGrepository.Adam(learning_rate=0.01, betas=(0.9, 0.999), eps=1e-08, weight_decay=0.0, amsgrad=False, maximize=False, capturable=False, differentiable=False, decoupled_weight_decay=False), 
    epochs= 2000
    )
",3.7955498695373535,1.3105345964431763,265.07311154995114,2.1036277003586292,4795.467307106592,0.3789128292762672,0.3751939466312537,,,,,,,0.8346774193548387,0.6860215053763441,0.9536925623583792
target_len_5_noisy_hierarchical_damg_kernel_13_7,bo,target_len_5,noisy_hierarchical_damg_kernel_13,7,22,"
Learner(
    model= (
        ((DAMGrepository.Linear(in_features=1, out_features=5, bias=True), 1, 5)) ; (edges(1) || (DAMGrepository.Sum(with_constant=1), 2, 1) || (DAMGrepository.Linear(in_features=2, out_features=2, bias=False), 2, 2)) ; ((DAMGrepository.Sigmoid(), 1, 1) || (DAMGrepository.Linear(in_features=3, out_features=1, bias=False), 3, 1)) ; ((DAMGrepository.Linear(in_features=2, out_features=3, bias=True), 2, 3)) ; ((DAMGrepository.Linear(in_features=3, out_features=1, bias=False), 3, 1))
        ), 
    loss= DAMGrepository.L1Loss(reduction='mean'), 
    optimizer= DAMGrepository.Adam(learning_rate=0.01, betas=(0.9, 0.999), eps=1e-08, weight_decay=0.0, amsgrad=False, maximize=False, capturable=False, differentiable=False, decoupled_weight_decay=False), 
    epochs= 2000
    )
","
Learner(
    model= (
        ((DAMGrepository.Linear(in_features=1, out_features=5, bias=True), 1, 5)) ; (edges(1) || (DAMGrepository.Sum(with_constant=1), 2, 1) || (DAMGrepository.Linear(in_features=2, out_features=2, bias=False), 2, 2)) ; ((DAMGrepository.Sigmoid(), 1, 1) || (DAMGrepository.Linear(in_features=3, out_features=1, bias=False), 3, 1)) ; ((DAMGrepository.Linear(in_features=2, out_features=3, bias=True), 2, 3)) ; ((DAMGrepository.Linear(in_features=3, out_features=1, bias=False), 3, 1))
        ), 
    loss= DAMGrepository.L1Loss(reduction='mean'), 
    optimizer= DAMGrepository.Adam(learning_rate=0.01, betas=(0.9, 0.999), eps=1e-08, weight_decay=0.0, amsgrad=False, maximize=False, capturable=False, differentiable=False, decoupled_weight_decay=False), 
    epochs= 2000
    )
",1.0786744356155396,1.0786744356155396,287.8146208822727,2.5765400119125843,5085.858468000777,0.33610666633592945,0.3557047631808807,,,,,,,0.7917888563049852,0.653225806451613,0.9606657024374362
target_len_5_noisy_hierarchical_damg_kernel_13_7,bo,target_len_5,noisy_hierarchical_damg_kernel_13,7,23,"
Learner(
    model= (
        ((DAMGrepository.Linear(in_features=1, out_features=4, bias=True), 1, 4)) ; ((DAMGrepository.Linear(in_features=1, out_features=3, bias=False), 1, 3) || (DAMGrepository.Linear(in_features=3, out_features=1, bias=False), 3, 1)) ; ((DAMGrepository.Linear(in_features=1, out_features=3, bias=False), 1, 3) || (DAMGrepository.Linear(in_features=3, out_features=1, bias=False), 3, 1)) ; ((DAMGrepository.Sigmoid(), 1, 1) || (DAMGrepository.Sum(with_constant=1), 2, 1) || (DAMGrepository.Sigmoid(), 1, 1)) ; ((DAMGrepository.Linear(in_features=3, out_features=1, bias=False), 3, 1))
        ), 
    loss= DAMGrepository.L1Loss(reduction='mean'), 
    optimizer= DAMGrepository.Adam(learning_rate=0.01, betas=(0.9, 0.999), eps=1e-08, weight_decay=0.0, amsgrad=False, maximize=False, capturable=False, differentiable=False, decoupled_weight_decay=False), 
    epochs= 2000
    )
","
Learner(
    model= (
        ((DAMGrepository.Linear(in_features=1, out_features=5, bias=True), 1, 5)) ; (edges(1) || (DAMGrepository.Sum(with_constant=1), 2, 1) || (DAMGrepository.Linear(in_features=2, out_features=2, bias=False), 2, 2)) ; ((DAMGrepository.Sigmoid(), 1, 1) || (DAMGrepository.Linear(in_features=3, out_features=1, bias=False), 3, 1)) ; ((DAMGrepository.Linear(in_features=2, out_features=3, bias=True), 2, 3)) ; ((DAMGrepository.Linear(in_features=3, out_features=1, bias=False), 3, 1))
        ), 
    loss= DAMGrepository.L1Loss(reduction='mean'), 
    optimizer= DAMGrepository.Adam(learning_rate=0.01, betas=(0.9, 0.999), eps=1e-08, weight_decay=0.0, amsgrad=False, maximize=False, capturable=False, differentiable=False, decoupled_weight_decay=False), 
    epochs= 2000
    )
",2.502089262008667,1.0786744356155396,223.6253008134663,2.2864352194592357,5311.770204033703,0.46438569092206144,0.4419741772982618,,,,,,,0.8455882352941178,0.7045454545454545,0.9662441637975606
target_len_5_noisy_hierarchical_damg_kernel_13_7,bo,target_len_5,noisy_hierarchical_damg_kernel_13,7,24,"
Learner(
    model= (
        ((DAMGrepository.Linear(in_features=1, out_features=5, bias=True), 1, 5)) ; ((DAMGrepository.Sum(with_constant=1), 2, 1) || (DAMGrepository.Copy(out_dimension=3), 1, 3) || (DAMGrepository.Sum(with_constant=0), 2, 1)) ; ((DAMGrepository.Sum(with_constant=1), 2, 1) || (DAMGrepository.Copy(out_dimension=3), 1, 3) || (DAMGrepository.Sum(with_constant=0), 2, 1)) ; ((DAMGrepository.Sigmoid(), 1, 1) || (DAMGrepository.Sigmoid(), 1, 1) || (DAMGrepository.Linear(in_features=3, out_features=1, bias=False), 3, 1)) ; ((DAMGrepository.Linear(in_features=3, out_features=1, bias=False), 3, 1))
        ), 
    loss= DAMGrepository.L1Loss(reduction='mean'), 
    optimizer= DAMGrepository.Adam(learning_rate=0.01, betas=(0.9, 0.999), eps=1e-08, weight_decay=0.0, amsgrad=False, maximize=False, capturable=False, differentiable=False, decoupled_weight_decay=False), 
    epochs= 2000
    )
","
Learner(
    model= (
        ((DAMGrepository.Linear(in_features=1, out_features=5, bias=True), 1, 5)) ; ((DAMGrepository.Sum(with_constant=1), 2, 1) || (DAMGrepository.Copy(out_dimension=3), 1, 3) || (DAMGrepository.Sum(with_constant=0), 2, 1)) ; ((DAMGrepository.Sum(with_constant=1), 2, 1) || (DAMGrepository.Copy(out_dimension=3), 1, 3) || (DAMGrepository.Sum(with_constant=0), 2, 1)) ; ((DAMGrepository.Sigmoid(), 1, 1) || (DAMGrepository.Sigmoid(), 1, 1) || (DAMGrepository.Linear(in_features=3, out_features=1, bias=False), 3, 1)) ; ((DAMGrepository.Linear(in_features=3, out_features=1, bias=False), 3, 1))
        ), 
    loss= DAMGrepository.L1Loss(reduction='mean'), 
    optimizer= DAMGrepository.Adam(learning_rate=0.01, betas=(0.9, 0.999), eps=1e-08, weight_decay=0.0, amsgrad=False, maximize=False, capturable=False, differentiable=False, decoupled_weight_decay=False), 
    epochs= 2000
    )
",1.078493595123291,1.078493595123291,267.46241728030145,2.3758283155038953,5581.608449629508,0.2610450309573615,0.3604172198824437,,,,,,,0.8646294881589,0.7219251336898397,0.9694895921478641
target_len_5_noisy_hierarchical_damg_kernel_13_7,bo,target_len_5,noisy_hierarchical_damg_kernel_13,7,25,"
Learner(
    model= (
        ((DAMGrepository.Linear(in_features=1, out_features=5, bias=True), 1, 5)) ; ((DAMGrepository.Linear(in_features=2, out_features=2, bias=False), 2, 2) || (DAMGrepository.Linear(in_features=1, out_features=2, bias=True), 1, 2) || (DAMGrepository.Sum(with_constant=1), 2, 1)) ; ((DAMGrepository.Sum(with_constant=0), 2, 1) || edges(1) || (DAMGrepository.Sum(with_constant=0), 2, 1)) ; (edges(1) || (DAMGrepository.Sum(with_constant=1), 2, 1)) ; ((DAMGrepository.Sum(with_constant=1), 2, 1))
        ), 
    loss= DAMGrepository.L1Loss(reduction='mean'), 
    optimizer= DAMGrepository.Adam(learning_rate=0.01, betas=(0.9, 0.999), eps=1e-08, weight_decay=0.0, amsgrad=False, maximize=False, capturable=False, differentiable=False, decoupled_weight_decay=False), 
    epochs= 2000
    )
","
Learner(
    model= (
        ((DAMGrepository.Linear(in_features=1, out_features=5, bias=True), 1, 5)) ; ((DAMGrepository.Sum(with_constant=1), 2, 1) || (DAMGrepository.Copy(out_dimension=3), 1, 3) || (DAMGrepository.Sum(with_constant=0), 2, 1)) ; ((DAMGrepository.Sum(with_constant=1), 2, 1) || (DAMGrepository.Copy(out_dimension=3), 1, 3) || (DAMGrepository.Sum(with_constant=0), 2, 1)) ; ((DAMGrepository.Sigmoid(), 1, 1) || (DAMGrepository.Sigmoid(), 1, 1) || (DAMGrepository.Linear(in_features=3, out_features=1, bias=False), 3, 1)) ; ((DAMGrepository.Linear(in_features=3, out_features=1, bias=False), 3, 1))
        ), 
    loss= DAMGrepository.L1Loss(reduction='mean'), 
    optimizer= DAMGrepository.Adam(learning_rate=0.01, betas=(0.9, 0.999), eps=1e-08, weight_decay=0.0, amsgrad=False, maximize=False, capturable=False, differentiable=False, decoupled_weight_decay=False), 
    epochs= 2000
    )
",4.168341636657715,1.078493595123291,246.8661211458966,2.567046554759145,5831.041617330164,0.35932958464796955,0.47715410007881254,,,,,,,0.8705882352941177,0.7378151260504202,0.9714204160420477
target_len_5_noisy_hierarchical_damg_kernel_13_7,bo,target_len_5,noisy_hierarchical_damg_kernel_13,7,26,"
Learner(
    model= (
        ((DAMGrepository.Linear(in_features=1, out_features=5, bias=True), 1, 5)) ; ((DAMGrepository.Sum(with_constant=-1), 5, 1)) ; ((DAMGrepository.Linear(in_features=1, out_features=5, bias=True), 1, 5)) ; ((DAMGrepository.Linear(in_features=3, out_features=1, bias=False), 3, 1) || (DAMGrepository.Sigmoid(), 1, 1) || (DAMGrepository.Sigmoid(), 1, 1)) ; ((DAMGrepository.Linear(in_features=3, out_features=1, bias=False), 3, 1))
        ), 
    loss= DAMGrepository.L1Loss(reduction='mean'), 
    optimizer= DAMGrepository.Adam(learning_rate=0.01, betas=(0.9, 0.999), eps=1e-08, weight_decay=0.0, amsgrad=False, maximize=False, capturable=False, differentiable=False, decoupled_weight_decay=False), 
    epochs= 2000
    )
","
Learner(
    model= (
        ((DAMGrepository.Linear(in_features=1, out_features=5, bias=True), 1, 5)) ; ((DAMGrepository.Sum(with_constant=1), 2, 1) || (DAMGrepository.Copy(out_dimension=3), 1, 3) || (DAMGrepository.Sum(with_constant=0), 2, 1)) ; ((DAMGrepository.Sum(with_constant=1), 2, 1) || (DAMGrepository.Copy(out_dimension=3), 1, 3) || (DAMGrepository.Sum(with_constant=0), 2, 1)) ; ((DAMGrepository.Sigmoid(), 1, 1) || (DAMGrepository.Sigmoid(), 1, 1) || (DAMGrepository.Linear(in_features=3, out_features=1, bias=False), 3, 1)) ; ((DAMGrepository.Linear(in_features=3, out_features=1, bias=False), 3, 1))
        ), 
    loss= DAMGrepository.L1Loss(reduction='mean'), 
    optimizer= DAMGrepository.Adam(learning_rate=0.01, betas=(0.9, 0.999), eps=1e-08, weight_decay=0.0, amsgrad=False, maximize=False, capturable=False, differentiable=False, decoupled_weight_decay=False), 
    epochs= 2000
    )
",4.169861316680908,1.078493595123291,229.68004986084998,1.909913221374154,6062.631580412388,0.434891719510548,0.4186477962570237,,,,,,,0.8514800514800515,0.7111111111111112,0.973905343638042
target_len_5_noisy_hierarchical_damg_kernel_13_7,bo,target_len_5,noisy_hierarchical_damg_kernel_13,7,27,"
Learner(
    model= (
        ((DAMGrepository.Linear(in_features=1, out_features=5, bias=True), 1, 5)) ; ((DAMGrepository.Linear(in_features=2, out_features=3, bias=True), 2, 3) || (DAMGrepository.Sigmoid(), 1, 1) || (DAMGrepository.Sum(with_constant=0), 2, 1)) ; ((DAMGrepository.Linear(in_features=2, out_features=3, bias=True), 2, 3) || (DAMGrepository.Sum(with_constant=0), 2, 1) || (DAMGrepository.Sigmoid(), 1, 1)) ; ((DAMGrepository.Sum(with_constant=1), 2, 1) || (DAMGrepository.Sigmoid(), 1, 1) || (DAMGrepository.Sum(with_constant=1), 2, 1)) ; ((DAMGrepository.Linear(in_features=3, out_features=1, bias=False), 3, 1))
        ), 
    loss= DAMGrepository.L1Loss(reduction='mean'), 
    optimizer= DAMGrepository.Adam(learning_rate=0.01, betas=(0.9, 0.999), eps=1e-08, weight_decay=0.0, amsgrad=False, maximize=False, capturable=False, differentiable=False, decoupled_weight_decay=False), 
    epochs= 2000
    )
","
Learner(
    model= (
        ((DAMGrepository.Linear(in_features=1, out_features=5, bias=True), 1, 5)) ; ((DAMGrepository.Sum(with_constant=1), 2, 1) || (DAMGrepository.Copy(out_dimension=3), 1, 3) || (DAMGrepository.Sum(with_constant=0), 2, 1)) ; ((DAMGrepository.Sum(with_constant=1), 2, 1) || (DAMGrepository.Copy(out_dimension=3), 1, 3) || (DAMGrepository.Sum(with_constant=0), 2, 1)) ; ((DAMGrepository.Sigmoid(), 1, 1) || (DAMGrepository.Sigmoid(), 1, 1) || (DAMGrepository.Linear(in_features=3, out_features=1, bias=False), 3, 1)) ; ((DAMGrepository.Linear(in_features=3, out_features=1, bias=False), 3, 1))
        ), 
    loss= DAMGrepository.L1Loss(reduction='mean'), 
    optimizer= DAMGrepository.Adam(learning_rate=0.01, betas=(0.9, 0.999), eps=1e-08, weight_decay=0.0, amsgrad=False, maximize=False, capturable=False, differentiable=False, decoupled_weight_decay=False), 
    epochs= 2000
    )
",1.3310822248458862,1.078493595123291,326.4906295230612,3.175618785433471,6392.2978287208825,0.2303734473909835,0.3868963692535496,,,,,,,0.8724513987671881,0.7327327327327328,0.9768162374855764
target_len_5_noisy_hierarchical_damg_kernel_13_7,bo,target_len_5,noisy_hierarchical_damg_kernel_13,7,28,"
Learner(
    model= (
        ((DAMGrepository.Linear(in_features=1, out_features=5, bias=True), 1, 5)) ; ((DAMGrepository.Linear(in_features=3, out_features=1, bias=False), 3, 1) || (DAMGrepository.Sum(with_constant=1), 2, 1)) ; ((DAMGrepository.Sigmoid(), 1, 1) || (DAMGrepository.Linear(in_features=1, out_features=4, bias=True), 1, 4)) ; ((DAMGrepository.Sum(with_constant=1), 2, 1) || (DAMGrepository.Sigmoid(), 1, 1) || (DAMGrepository.Sum(with_constant=0), 2, 1)) ; ((DAMGrepository.Linear(in_features=3, out_features=1, bias=False), 3, 1))
        ), 
    loss= DAMGrepository.L1Loss(reduction='mean'), 
    optimizer= DAMGrepository.Adam(learning_rate=0.01, betas=(0.9, 0.999), eps=1e-08, weight_decay=0.0, amsgrad=False, maximize=False, capturable=False, differentiable=False, decoupled_weight_decay=False), 
    epochs= 2000
    )
","
Learner(
    model= (
        ((DAMGrepository.Linear(in_features=1, out_features=5, bias=True), 1, 5)) ; ((DAMGrepository.Sum(with_constant=1), 2, 1) || (DAMGrepository.Copy(out_dimension=3), 1, 3) || (DAMGrepository.Sum(with_constant=0), 2, 1)) ; ((DAMGrepository.Sum(with_constant=1), 2, 1) || (DAMGrepository.Copy(out_dimension=3), 1, 3) || (DAMGrepository.Sum(with_constant=0), 2, 1)) ; ((DAMGrepository.Sigmoid(), 1, 1) || (DAMGrepository.Sigmoid(), 1, 1) || (DAMGrepository.Linear(in_features=3, out_features=1, bias=False), 3, 1)) ; ((DAMGrepository.Linear(in_features=3, out_features=1, bias=False), 3, 1))
        ), 
    loss= DAMGrepository.L1Loss(reduction='mean'), 
    optimizer= DAMGrepository.Adam(learning_rate=0.01, betas=(0.9, 0.999), eps=1e-08, weight_decay=0.0, amsgrad=False, maximize=False, capturable=False, differentiable=False, decoupled_weight_decay=False), 
    epochs= 2000
    )
",1.3313190937042236,1.078493595123291,237.03669701237231,2.270757021382451,6631.605282754637,0.2198458280027491,0.32427947599855494,,,,,,,0.8844512528723055,0.7496443812233287,0.9789944330989541
target_len_5_noisy_hierarchical_damg_kernel_13_7,bo,target_len_5,noisy_hierarchical_damg_kernel_13,7,29,"
Learner(
    model= (
        ((DAMGrepository.Linear(in_features=1, out_features=5, bias=True), 1, 5)) ; ((DAMGrepository.Sum(with_constant=0), 2, 1) || (DAMGrepository.Sum(with_constant=1), 2, 1) || (DAMGrepository.Copy(out_dimension=3), 1, 3)) ; ((DAMGrepository.Sigmoid(), 1, 1) || (DAMGrepository.Linear(in_features=3, out_features=1, bias=False), 3, 1) || (DAMGrepository.Sigmoid(), 1, 1)) ; ((DAMGrepository.Sum(with_constant=1), 2, 1) || (DAMGrepository.Linear(in_features=1, out_features=2, bias=True), 1, 2)) ; ((DAMGrepository.Linear(in_features=3, out_features=1, bias=False), 3, 1))
        ), 
    loss= DAMGrepository.L1Loss(reduction='mean'), 
    optimizer= DAMGrepository.Adam(learning_rate=0.01, betas=(0.9, 0.999), eps=1e-08, weight_decay=0.0, amsgrad=False, maximize=False, capturable=False, differentiable=False, decoupled_weight_decay=False), 
    epochs= 2000
    )
","
Learner(
    model= (
        ((DAMGrepository.Linear(in_features=1, out_features=5, bias=True), 1, 5)) ; ((DAMGrepository.Sum(with_constant=0), 2, 1) || (DAMGrepository.Sum(with_constant=1), 2, 1) || (DAMGrepository.Copy(out_dimension=3), 1, 3)) ; ((DAMGrepository.Sigmoid(), 1, 1) || (DAMGrepository.Linear(in_features=3, out_features=1, bias=False), 3, 1) || (DAMGrepository.Sigmoid(), 1, 1)) ; ((DAMGrepository.Sum(with_constant=1), 2, 1) || (DAMGrepository.Linear(in_features=1, out_features=2, bias=True), 1, 2)) ; ((DAMGrepository.Linear(in_features=3, out_features=1, bias=False), 3, 1))
        ), 
    loss= DAMGrepository.L1Loss(reduction='mean'), 
    optimizer= DAMGrepository.Adam(learning_rate=0.01, betas=(0.9, 0.999), eps=1e-08, weight_decay=0.0, amsgrad=False, maximize=False, capturable=False, differentiable=False, decoupled_weight_decay=False), 
    epochs= 2000
    )
",1.0757662057876587,1.0757662057876587,313.2649418609217,2.4383710101246834,6947.308595625684,0.24839033379307135,0.31572721068584153,,,,,,,0.8989878542510121,0.7624831309041836,0.9816931901437701
target_len_5_noisy_hierarchical_damg_kernel_13_7,bo,target_len_5,noisy_hierarchical_damg_kernel_13,7,30,"
Learner(
    model= (
        ((DAMGrepository.Linear(in_features=1, out_features=5, bias=True), 1, 5)) ; (swap(2, 1, 1) || (DAMGrepository.Sigmoid(), 1, 1) || (DAMGrepository.Sum(with_constant=0), 2, 1)) ; ((DAMGrepository.Sum(with_constant=0), 2, 1) || (DAMGrepository.Sum(with_constant=0), 2, 1)) ; ((DAMGrepository.Sigmoid(), 1, 1) || (DAMGrepository.Linear(in_features=1, out_features=2, bias=True), 1, 2)) ; ((DAMGrepository.Linear(in_features=3, out_features=1, bias=False), 3, 1))
        ), 
    loss= DAMGrepository.L1Loss(reduction='mean'), 
    optimizer= DAMGrepository.Adam(learning_rate=0.01, betas=(0.9, 0.999), eps=1e-08, weight_decay=0.0, amsgrad=False, maximize=False, capturable=False, differentiable=False, decoupled_weight_decay=False), 
    epochs= 2000
    )
","
Learner(
    model= (
        ((DAMGrepository.Linear(in_features=1, out_features=5, bias=True), 1, 5)) ; ((DAMGrepository.Sum(with_constant=0), 2, 1) || (DAMGrepository.Sum(with_constant=1), 2, 1) || (DAMGrepository.Copy(out_dimension=3), 1, 3)) ; ((DAMGrepository.Sigmoid(), 1, 1) || (DAMGrepository.Linear(in_features=3, out_features=1, bias=False), 3, 1) || (DAMGrepository.Sigmoid(), 1, 1)) ; ((DAMGrepository.Sum(with_constant=1), 2, 1) || (DAMGrepository.Linear(in_features=1, out_features=2, bias=True), 1, 2)) ; ((DAMGrepository.Linear(in_features=3, out_features=1, bias=False), 3, 1))
        ), 
    loss= DAMGrepository.L1Loss(reduction='mean'), 
    optimizer= DAMGrepository.Adam(learning_rate=0.01, betas=(0.9, 0.999), eps=1e-08, weight_decay=0.0, amsgrad=False, maximize=False, capturable=False, differentiable=False, decoupled_weight_decay=False), 
    epochs= 2000
    )
",1.1156086921691895,1.0757662057876587,212.37210730277002,2.163391918875277,7161.844094847329,0.24963585489304232,0.40320575460315905,,,,,,,0.9172607879924954,0.7871794871794873,0.9839178152495913
target_len_5_noisy_hierarchical_damg_kernel_13_7,bo,target_len_5,noisy_hierarchical_damg_kernel_13,7,31,"
Learner(
    model= (
        ((DAMGrepository.Linear(in_features=1, out_features=5, bias=True), 1, 5)) ; ((DAMGrepository.Linear(in_features=3, out_features=2, bias=False), 3, 2) || (DAMGrepository.Sum(with_constant=0), 2, 1)) ; ((DAMGrepository.Linear(in_features=1, out_features=3, bias=False), 1, 3) || (DAMGrepository.Sum(with_constant=1), 2, 1)) ; ((DAMGrepository.Sigmoid(), 1, 1) || (DAMGrepository.Linear(in_features=3, out_features=1, bias=False), 3, 1)) ; ((DAMGrepository.Sum(with_constant=0), 2, 1))
        ), 
    loss= DAMGrepository.L1Loss(reduction='mean'), 
    optimizer= DAMGrepository.Adam(learning_rate=0.01, betas=(0.9, 0.999), eps=1e-08, weight_decay=0.0, amsgrad=False, maximize=False, capturable=False, differentiable=False, decoupled_weight_decay=False), 
    epochs= 2000
    )
","
Learner(
    model= (
        ((DAMGrepository.Linear(in_features=1, out_features=5, bias=True), 1, 5)) ; ((DAMGrepository.Sum(with_constant=0), 2, 1) || (DAMGrepository.Sum(with_constant=1), 2, 1) || (DAMGrepository.Copy(out_dimension=3), 1, 3)) ; ((DAMGrepository.Sigmoid(), 1, 1) || (DAMGrepository.Linear(in_features=3, out_features=1, bias=False), 3, 1) || (DAMGrepository.Sigmoid(), 1, 1)) ; ((DAMGrepository.Sum(with_constant=1), 2, 1) || (DAMGrepository.Linear(in_features=1, out_features=2, bias=True), 1, 2)) ; ((DAMGrepository.Linear(in_features=3, out_features=1, bias=False), 3, 1))
        ), 
    loss= DAMGrepository.L1Loss(reduction='mean'), 
    optimizer= DAMGrepository.Adam(learning_rate=0.01, betas=(0.9, 0.999), eps=1e-08, weight_decay=0.0, amsgrad=False, maximize=False, capturable=False, differentiable=False, decoupled_weight_decay=False), 
    epochs= 2000
    )
",3.933126926422119,1.0757662057876587,204.18927020113915,2.3641935670748353,7368.397558615543,0.2357684980560836,0.341365508496116,,,,,,,0.9121951219512198,0.7804878048780487,0.9875988691465142
target_len_5_noisy_hierarchical_damg_kernel_13_7,bo,target_len_5,noisy_hierarchical_damg_kernel_13,7,32,"
Learner(
    model= (
        ((DAMGrepository.Linear(in_features=1, out_features=5, bias=True), 1, 5)) ; ((DAMGrepository.Linear(in_features=3, out_features=2, bias=False), 3, 2) || (DAMGrepository.Sum(with_constant=1), 2, 1)) ; ((DAMGrepository.Sigmoid(), 1, 1) || (DAMGrepository.Sigmoid(), 1, 1) || (DAMGrepository.Sigmoid(), 1, 1)) ; ((DAMGrepository.Sum(with_constant=1), 2, 1) || (DAMGrepository.Linear(in_features=1, out_features=4, bias=True), 1, 4)) ; ((DAMGrepository.Linear(in_features=5, out_features=1, bias=True), 5, 1))
        ), 
    loss= DAMGrepository.L1Loss(reduction='mean'), 
    optimizer= DAMGrepository.Adam(learning_rate=0.01, betas=(0.9, 0.999), eps=1e-08, weight_decay=0.0, amsgrad=False, maximize=False, capturable=False, differentiable=False, decoupled_weight_decay=False), 
    epochs= 2000
    )
","
Learner(
    model= (
        ((DAMGrepository.Linear(in_features=1, out_features=5, bias=True), 1, 5)) ; ((DAMGrepository.Linear(in_features=3, out_features=2, bias=False), 3, 2) || (DAMGrepository.Sum(with_constant=1), 2, 1)) ; ((DAMGrepository.Sigmoid(), 1, 1) || (DAMGrepository.Sigmoid(), 1, 1) || (DAMGrepository.Sigmoid(), 1, 1)) ; ((DAMGrepository.Sum(with_constant=1), 2, 1) || (DAMGrepository.Linear(in_features=1, out_features=4, bias=True), 1, 4)) ; ((DAMGrepository.Linear(in_features=5, out_features=1, bias=True), 5, 1))
        ), 
    loss= DAMGrepository.L1Loss(reduction='mean'), 
    optimizer= DAMGrepository.Adam(learning_rate=0.01, betas=(0.9, 0.999), eps=1e-08, weight_decay=0.0, amsgrad=False, maximize=False, capturable=False, differentiable=False, decoupled_weight_decay=False), 
    epochs= 2000
    )
",0.9074888229370117,0.9074888229370117,257.8999578449875,2.7009166441857815,7628.998433104716,0.2922870106035085,0.34767495928589787,,,,,,,0.8766712584069363,0.7468060394889663,0.9866548279823523
target_len_5_noisy_hierarchical_damg_kernel_13_7,bo,target_len_5,noisy_hierarchical_damg_kernel_13,7,33,"
Learner(
    model= (
        ((DAMGrepository.Linear(in_features=1, out_features=5, bias=True), 1, 5)) ; ((DAMGrepository.Linear(in_features=3, out_features=1, bias=False), 3, 1) || (DAMGrepository.ReLu(inplace=False), 2, 2)) ; ((DAMGrepository.Linear(in_features=1, out_features=4, bias=True), 1, 4) || (DAMGrepository.Sum(with_constant=1), 2, 1)) ; ((DAMGrepository.Linear(in_features=3, out_features=1, bias=False), 3, 1) || (DAMGrepository.ReLu(inplace=False), 2, 2)) ; ((DAMGrepository.Linear(in_features=3, out_features=1, bias=False), 3, 1))
        ), 
    loss= DAMGrepository.L1Loss(reduction='mean'), 
    optimizer= DAMGrepository.Adam(learning_rate=0.01, betas=(0.9, 0.999), eps=1e-08, weight_decay=0.0, amsgrad=False, maximize=False, capturable=False, differentiable=False, decoupled_weight_decay=False), 
    epochs= 2000
    )
","
Learner(
    model= (
        ((DAMGrepository.Linear(in_features=1, out_features=5, bias=True), 1, 5)) ; ((DAMGrepository.Linear(in_features=3, out_features=1, bias=False), 3, 1) || (DAMGrepository.ReLu(inplace=False), 2, 2)) ; ((DAMGrepository.Linear(in_features=1, out_features=4, bias=True), 1, 4) || (DAMGrepository.Sum(with_constant=1), 2, 1)) ; ((DAMGrepository.Linear(in_features=3, out_features=1, bias=False), 3, 1) || (DAMGrepository.ReLu(inplace=False), 2, 2)) ; ((DAMGrepository.Linear(in_features=3, out_features=1, bias=False), 3, 1))
        ), 
    loss= DAMGrepository.L1Loss(reduction='mean'), 
    optimizer= DAMGrepository.Adam(learning_rate=0.01, betas=(0.9, 0.999), eps=1e-08, weight_decay=0.0, amsgrad=False, maximize=False, capturable=False, differentiable=False, decoupled_weight_decay=False), 
    epochs= 2000
    )
",0.10761667042970657,0.10761667042970657,215.46404157206416,2.2006524736061692,7846.663127150387,0.38637837573830736,0.3811328833441458,,,,,,,0.9019933554817275,0.7630121816168327,0.9878406935607073
target_len_5_noisy_hierarchical_damg_kernel_13_7,bo,target_len_5,noisy_hierarchical_damg_kernel_13,7,34,"
Learner(
    model= (
        ((DAMGrepository.Linear(in_features=1, out_features=5, bias=True), 1, 5)) ; ((DAMGrepository.Linear(in_features=1, out_features=3, bias=False), 1, 3) || (DAMGrepository.Sigmoid(), 1, 1) || (DAMGrepository.Linear(in_features=3, out_features=1, bias=False), 3, 1)) ; ((DAMGrepository.Sum(with_constant=1), 2, 1) || (DAMGrepository.Sum(with_constant=1), 2, 1) || (DAMGrepository.Sigmoid(), 1, 1)) ; ((DAMGrepository.Sum(with_constant=1), 2, 1) || (DAMGrepository.Sigmoid(), 1, 1)) ; ((DAMGrepository.Sum(with_constant=1), 2, 1))
        ), 
    loss= DAMGrepository.L1Loss(reduction='mean'), 
    optimizer= DAMGrepository.Adam(learning_rate=0.01, betas=(0.9, 0.999), eps=1e-08, weight_decay=0.0, amsgrad=False, maximize=False, capturable=False, differentiable=False, decoupled_weight_decay=False), 
    epochs= 2000
    )
","
Learner(
    model= (
        ((DAMGrepository.Linear(in_features=1, out_features=5, bias=True), 1, 5)) ; ((DAMGrepository.Linear(in_features=3, out_features=1, bias=False), 3, 1) || (DAMGrepository.ReLu(inplace=False), 2, 2)) ; ((DAMGrepository.Linear(in_features=1, out_features=4, bias=True), 1, 4) || (DAMGrepository.Sum(with_constant=1), 2, 1)) ; ((DAMGrepository.Linear(in_features=3, out_features=1, bias=False), 3, 1) || (DAMGrepository.ReLu(inplace=False), 2, 2)) ; ((DAMGrepository.Linear(in_features=3, out_features=1, bias=False), 3, 1))
        ), 
    loss= DAMGrepository.L1Loss(reduction='mean'), 
    optimizer= DAMGrepository.Adam(learning_rate=0.01, betas=(0.9, 0.999), eps=1e-08, weight_decay=0.0, amsgrad=False, maximize=False, capturable=False, differentiable=False, decoupled_weight_decay=False), 
    epochs= 2000
    )
",4.169402122497559,0.10761667042970657,226.86060731019825,2.153355491347611,8075.677089951932,0.26739520521073445,0.382401144775418,,,,,,,0.906553911205074,0.7716701902748414,0.9889716002674225
target_len_5_noisy_hierarchical_damg_kernel_13_7,bo,target_len_5,noisy_hierarchical_damg_kernel_13,7,35,"
Learner(
    model= (
        ((DAMGrepository.Linear(in_features=1, out_features=5, bias=True), 1, 5)) ; ((DAMGrepository.Sum(with_constant=1), 2, 1) || (DAMGrepository.Linear(in_features=1, out_features=2, bias=True), 1, 2) || (DAMGrepository.Sum(with_constant=0), 2, 1)) ; ((DAMGrepository.Sum(with_constant=1), 2, 1) || (DAMGrepository.Sigmoid(), 1, 1) || (DAMGrepository.Sigmoid(), 1, 1)) ; ((DAMGrepository.Sum(with_constant=0), 2, 1) || (DAMGrepository.Linear(in_features=1, out_features=2, bias=True), 1, 2)) ; ((DAMGrepository.Linear(in_features=3, out_features=1, bias=False), 3, 1))
        ), 
    loss= DAMGrepository.L1Loss(reduction='mean'), 
    optimizer= DAMGrepository.Adam(learning_rate=0.01, betas=(0.9, 0.999), eps=1e-08, weight_decay=0.0, amsgrad=False, maximize=False, capturable=False, differentiable=False, decoupled_weight_decay=False), 
    epochs= 2000
    )
","
Learner(
    model= (
        ((DAMGrepository.Linear(in_features=1, out_features=5, bias=True), 1, 5)) ; ((DAMGrepository.Linear(in_features=3, out_features=1, bias=False), 3, 1) || (DAMGrepository.ReLu(inplace=False), 2, 2)) ; ((DAMGrepository.Linear(in_features=1, out_features=4, bias=True), 1, 4) || (DAMGrepository.Sum(with_constant=1), 2, 1)) ; ((DAMGrepository.Linear(in_features=3, out_features=1, bias=False), 3, 1) || (DAMGrepository.ReLu(inplace=False), 2, 2)) ; ((DAMGrepository.Linear(in_features=3, out_features=1, bias=False), 3, 1))
        ), 
    loss= DAMGrepository.L1Loss(reduction='mean'), 
    optimizer= DAMGrepository.Adam(learning_rate=0.01, betas=(0.9, 0.999), eps=1e-08, weight_decay=0.0, amsgrad=False, maximize=False, capturable=False, differentiable=False, decoupled_weight_decay=False), 
    epochs= 2000
    )
",0.8147931694984436,0.10761667042970657,287.14403533376753,2.5254106987267733,8365.346535984427,0.22286826178357302,0.356884510992444,,,,,,,0.9205533596837944,0.7838383838383838,0.9914430619574571
target_len_5_noisy_hierarchical_damg_kernel_13_7,bo,target_len_5,noisy_hierarchical_damg_kernel_13,7,36,"
Learner(
    model= (
        ((DAMGrepository.Linear(in_features=1, out_features=5, bias=True), 1, 5)) ; (edges(2) || (DAMGrepository.Sigmoid(), 1, 1) || (DAMGrepository.Sum(with_constant=0), 2, 1)) ; (edges(2) || (DAMGrepository.Linear(in_features=1, out_features=2, bias=True), 1, 2) || (DAMGrepository.Sigmoid(), 1, 1)) ; ((DAMGrepository.Sum(with_constant=0), 2, 1) || (DAMGrepository.Linear(in_features=3, out_features=2, bias=False), 3, 2)) ; ((DAMGrepository.Linear(in_features=3, out_features=1, bias=False), 3, 1))
        ), 
    loss= DAMGrepository.L1Loss(reduction='mean'), 
    optimizer= DAMGrepository.Adam(learning_rate=0.01, betas=(0.9, 0.999), eps=1e-08, weight_decay=0.0, amsgrad=False, maximize=False, capturable=False, differentiable=False, decoupled_weight_decay=False), 
    epochs= 2000
    )
","
Learner(
    model= (
        ((DAMGrepository.Linear(in_features=1, out_features=5, bias=True), 1, 5)) ; ((DAMGrepository.Linear(in_features=3, out_features=1, bias=False), 3, 1) || (DAMGrepository.ReLu(inplace=False), 2, 2)) ; ((DAMGrepository.Linear(in_features=1, out_features=4, bias=True), 1, 4) || (DAMGrepository.Sum(with_constant=1), 2, 1)) ; ((DAMGrepository.Linear(in_features=3, out_features=1, bias=False), 3, 1) || (DAMGrepository.ReLu(inplace=False), 2, 2)) ; ((DAMGrepository.Linear(in_features=3, out_features=1, bias=False), 3, 1))
        ), 
    loss= DAMGrepository.L1Loss(reduction='mean'), 
    optimizer= DAMGrepository.Adam(learning_rate=0.01, betas=(0.9, 0.999), eps=1e-08, weight_decay=0.0, amsgrad=False, maximize=False, capturable=False, differentiable=False, decoupled_weight_decay=False), 
    epochs= 2000
    )
",0.9009639620780945,0.10761667042970657,300.1031652884558,2.7160902684554458,8668.165791541338,0.28948139523532207,0.39199255176541986,,,,,,,0.929941412272587,0.8048309178743962,0.9925939562939634
target_len_5_noisy_hierarchical_damg_kernel_13_7,bo,target_len_5,noisy_hierarchical_damg_kernel_13,7,37,"
Learner(
    model= (
        ((DAMGrepository.Linear(in_features=1, out_features=5, bias=True), 1, 5)) ; ((DAMGrepository.Sigmoid(), 1, 1) || (DAMGrepository.Sigmoid(), 1, 1) || (DAMGrepository.Linear(in_features=3, out_features=1, bias=False), 3, 1)) ; ((DAMGrepository.Linear(in_features=1, out_features=4, bias=True), 1, 4) || (DAMGrepository.Sum(with_constant=0), 2, 1)) ; ((DAMGrepository.Sigmoid(), 2, 2) || (DAMGrepository.Linear(in_features=3, out_features=1, bias=False), 3, 1)) ; ((DAMGrepository.Linear(in_features=3, out_features=1, bias=False), 3, 1))
        ), 
    loss= DAMGrepository.L1Loss(reduction='mean'), 
    optimizer= DAMGrepository.Adam(learning_rate=0.01, betas=(0.9, 0.999), eps=1e-08, weight_decay=0.0, amsgrad=False, maximize=False, capturable=False, differentiable=False, decoupled_weight_decay=False), 
    epochs= 2000
    )
","
Learner(
    model= (
        ((DAMGrepository.Linear(in_features=1, out_features=5, bias=True), 1, 5)) ; ((DAMGrepository.Linear(in_features=3, out_features=1, bias=False), 3, 1) || (DAMGrepository.ReLu(inplace=False), 2, 2)) ; ((DAMGrepository.Linear(in_features=1, out_features=4, bias=True), 1, 4) || (DAMGrepository.Sum(with_constant=1), 2, 1)) ; ((DAMGrepository.Linear(in_features=3, out_features=1, bias=False), 3, 1) || (DAMGrepository.ReLu(inplace=False), 2, 2)) ; ((DAMGrepository.Linear(in_features=3, out_features=1, bias=False), 3, 1))
        ), 
    loss= DAMGrepository.L1Loss(reduction='mean'), 
    optimizer= DAMGrepository.Adam(learning_rate=0.01, betas=(0.9, 0.999), eps=1e-08, weight_decay=0.0, amsgrad=False, maximize=False, capturable=False, differentiable=False, decoupled_weight_decay=False), 
    epochs= 2000
    )
",0.8416772484779358,0.10761667042970657,218.18797020893544,2.3484001541510224,8888.702161904424,0.3049845877426743,0.32884127360009713,,,,,,,0.9416049953746531,0.8279370952821463,0.994532469487155
target_len_5_noisy_hierarchical_damg_kernel_13_7,bo,target_len_5,noisy_hierarchical_damg_kernel_13,7,38,"
Learner(
    model= (
        ((DAMGrepository.Linear(in_features=1, out_features=5, bias=True), 1, 5)) ; (edges(1) || (DAMGrepository.Linear(in_features=3, out_features=1, bias=False), 3, 1) || (DAMGrepository.Copy(out_dimension=3), 1, 3)) ; ((DAMGrepository.Linear(in_features=3, out_features=2, bias=False), 3, 2) || (DAMGrepository.Sum(with_constant=1), 2, 1)) ; ((DAMGrepository.Sum(with_constant=0), 2, 1) || (DAMGrepository.Linear(in_features=1, out_features=2, bias=True), 1, 2)) ; ((DAMGrepository.Linear(in_features=3, out_features=1, bias=False), 3, 1))
        ), 
    loss= DAMGrepository.L1Loss(reduction='mean'), 
    optimizer= DAMGrepository.Adam(learning_rate=0.01, betas=(0.9, 0.999), eps=1e-08, weight_decay=0.0, amsgrad=False, maximize=False, capturable=False, differentiable=False, decoupled_weight_decay=False), 
    epochs= 2000
    )
","
Learner(
    model= (
        ((DAMGrepository.Linear(in_features=1, out_features=5, bias=True), 1, 5)) ; ((DAMGrepository.Linear(in_features=3, out_features=1, bias=False), 3, 1) || (DAMGrepository.ReLu(inplace=False), 2, 2)) ; ((DAMGrepository.Linear(in_features=1, out_features=4, bias=True), 1, 4) || (DAMGrepository.Sum(with_constant=1), 2, 1)) ; ((DAMGrepository.Linear(in_features=3, out_features=1, bias=False), 3, 1) || (DAMGrepository.ReLu(inplace=False), 2, 2)) ; ((DAMGrepository.Linear(in_features=3, out_features=1, bias=False), 3, 1))
        ), 
    loss= DAMGrepository.L1Loss(reduction='mean'), 
    optimizer= DAMGrepository.Adam(learning_rate=0.01, betas=(0.9, 0.999), eps=1e-08, weight_decay=0.0, amsgrad=False, maximize=False, capturable=False, differentiable=False, decoupled_weight_decay=False), 
    epochs= 2000
    )
",4.17083215713501,0.10761667042970657,191.3333905795589,2.718973074108362,9082.754525558092,0.3406555880114175,0.33652404619863135,,,,,,,0.9334563612679114,0.8156028368794327,0.9953145402631883
target_len_5_noisy_hierarchical_damg_kernel_13_7,bo,target_len_5,noisy_hierarchical_damg_kernel_13,7,39,"
Learner(
    model= (
        ((DAMGrepository.Linear(in_features=1, out_features=3, bias=False), 1, 3)) ; ((DAMGrepository.Linear(in_features=3, out_features=2, bias=False), 3, 2)) ; ((DAMGrepository.Sigmoid(), 1, 1) || (DAMGrepository.Linear(in_features=1, out_features=4, bias=True), 1, 4)) ; ((DAMGrepository.Sum(with_constant=1), 2, 1) || (DAMGrepository.Product(with_constant=-1), 3, 1)) ; ((DAMGrepository.Sum(with_constant=0), 2, 1))
        ), 
    loss= DAMGrepository.L1Loss(reduction='mean'), 
    optimizer= DAMGrepository.Adam(learning_rate=0.01, betas=(0.9, 0.999), eps=1e-08, weight_decay=0.0, amsgrad=False, maximize=False, capturable=False, differentiable=False, decoupled_weight_decay=False), 
    epochs= 2000
    )
","
Learner(
    model= (
        ((DAMGrepository.Linear(in_features=1, out_features=5, bias=True), 1, 5)) ; ((DAMGrepository.Linear(in_features=3, out_features=1, bias=False), 3, 1) || (DAMGrepository.ReLu(inplace=False), 2, 2)) ; ((DAMGrepository.Linear(in_features=1, out_features=4, bias=True), 1, 4) || (DAMGrepository.Sum(with_constant=1), 2, 1)) ; ((DAMGrepository.Linear(in_features=3, out_features=1, bias=False), 3, 1) || (DAMGrepository.ReLu(inplace=False), 2, 2)) ; ((DAMGrepository.Linear(in_features=3, out_features=1, bias=False), 3, 1))
        ), 
    loss= DAMGrepository.L1Loss(reduction='mean'), 
    optimizer= DAMGrepository.Adam(learning_rate=0.01, betas=(0.9, 0.999), eps=1e-08, weight_decay=0.0, amsgrad=False, maximize=False, capturable=False, differentiable=False, decoupled_weight_decay=False), 
    epochs= 2000
    )
",1.7120840549468994,0.10761667042970657,180.55336308013648,2.102689776569605,9265.410578414798,0.3296258532786237,0.3667072428916016,,,,,,,0.9252040816326529,0.8078231292517006,0.9945863073935506
target_len_5_noisy_hierarchical_damg_kernel_13_7,bo,target_len_5,noisy_hierarchical_damg_kernel_13,7,40,"
Learner(
    model= (
        ((DAMGrepository.Linear(in_features=1, out_features=3, bias=False), 1, 3)) ; ((DAMGrepository.Linear(in_features=3, out_features=1, bias=False), 3, 1)) ; ((DAMGrepository.Linear(in_features=1, out_features=5, bias=True), 1, 5)) ; ((DAMGrepository.Sum(with_constant=0), 2, 1) || (DAMGrepository.Linear(in_features=3, out_features=1, bias=False), 3, 1)) ; ((DAMGrepository.Linear(in_features=2, out_features=1, bias=False), 2, 1))
        ), 
    loss= DAMGrepository.L1Loss(reduction='mean'), 
    optimizer= DAMGrepository.Adam(learning_rate=0.01, betas=(0.9, 0.999), eps=1e-08, weight_decay=0.0, amsgrad=False, maximize=False, capturable=False, differentiable=False, decoupled_weight_decay=False), 
    epochs= 2000
    )
","
Learner(
    model= (
        ((DAMGrepository.Linear(in_features=1, out_features=5, bias=True), 1, 5)) ; ((DAMGrepository.Linear(in_features=3, out_features=1, bias=False), 3, 1) || (DAMGrepository.ReLu(inplace=False), 2, 2)) ; ((DAMGrepository.Linear(in_features=1, out_features=4, bias=True), 1, 4) || (DAMGrepository.Sum(with_constant=1), 2, 1)) ; ((DAMGrepository.Linear(in_features=3, out_features=1, bias=False), 3, 1) || (DAMGrepository.ReLu(inplace=False), 2, 2)) ; ((DAMGrepository.Linear(in_features=3, out_features=1, bias=False), 3, 1))
        ), 
    loss= DAMGrepository.L1Loss(reduction='mean'), 
    optimizer= DAMGrepository.Adam(learning_rate=0.01, betas=(0.9, 0.999), eps=1e-08, weight_decay=0.0, amsgrad=False, maximize=False, capturable=False, differentiable=False, decoupled_weight_decay=False), 
    epochs= 2000
    )
",4.169497013092041,0.10761667042970657,133.5180628998205,1.8643144704401493,9400.792955785058,0.43100262799765804,0.4281512014429502,,,,,,,0.9484273709483794,0.8416326530612245,0.9961167814209488
target_len_5_noisy_hierarchical_damg_kernel_13_7,bo,target_len_5,noisy_hierarchical_damg_kernel_13,7,41,"
Learner(
    model= (
        ((DAMGrepository.Linear(in_features=1, out_features=5, bias=True), 1, 5)) ; ((DAMGrepository.Linear(in_features=1, out_features=3, bias=False), 1, 3) || (DAMGrepository.Sigmoid(), 1, 1) || (DAMGrepository.Linear(in_features=3, out_features=1, bias=False), 3, 1)) ; ((DAMGrepository.Linear(in_features=3, out_features=2, bias=False), 3, 2) || (DAMGrepository.Sum(with_constant=0), 2, 1)) ; ((DAMGrepository.Sigmoid(), 1, 1) || (DAMGrepository.Sum(with_constant=0), 2, 1)) ; ((DAMGrepository.Sum(with_constant=1), 2, 1))
        ), 
    loss= DAMGrepository.L1Loss(reduction='mean'), 
    optimizer= DAMGrepository.Adam(learning_rate=0.01, betas=(0.9, 0.999), eps=1e-08, weight_decay=0.0, amsgrad=False, maximize=False, capturable=False, differentiable=False, decoupled_weight_decay=False), 
    epochs= 2000
    )
","
Learner(
    model= (
        ((DAMGrepository.Linear(in_features=1, out_features=5, bias=True), 1, 5)) ; ((DAMGrepository.Linear(in_features=3, out_features=1, bias=False), 3, 1) || (DAMGrepository.ReLu(inplace=False), 2, 2)) ; ((DAMGrepository.Linear(in_features=1, out_features=4, bias=True), 1, 4) || (DAMGrepository.Sum(with_constant=1), 2, 1)) ; ((DAMGrepository.Linear(in_features=3, out_features=1, bias=False), 3, 1) || (DAMGrepository.ReLu(inplace=False), 2, 2)) ; ((DAMGrepository.Linear(in_features=3, out_features=1, bias=False), 3, 1))
        ), 
    loss= DAMGrepository.L1Loss(reduction='mean'), 
    optimizer= DAMGrepository.Adam(learning_rate=0.01, betas=(0.9, 0.999), eps=1e-08, weight_decay=0.0, amsgrad=False, maximize=False, capturable=False, differentiable=False, decoupled_weight_decay=False), 
    epochs= 2000
    )
",3.7198569774627686,0.10761667042970657,232.36559135187417,2.459189428947866,9635.61773656588,0.17838997548558794,0.3260730613594949,,,,,,,0.9165610859728507,0.8007843137254903,0.9951328010413445
target_len_5_noisy_hierarchical_damg_kernel_13_7,bo,target_len_5,noisy_hierarchical_damg_kernel_13,7,42,"
Learner(
    model= (
        ((DAMGrepository.Linear(in_features=1, out_features=5, bias=True), 1, 5)) ; ((DAMGrepository.Linear(in_features=3, out_features=2, bias=False), 3, 2) || (DAMGrepository.Sigmoid(), 1, 1) || (DAMGrepository.Sigmoid(), 1, 1)) ; ((DAMGrepository.Linear(in_features=2, out_features=3, bias=False), 2, 3) || (DAMGrepository.Sum(with_constant=0), 2, 1)) ; ((DAMGrepository.Linear(in_features=3, out_features=2, bias=False), 3, 2) || (DAMGrepository.Copy(out_dimension=3), 1, 3)) ; ((DAMGrepository.Linear(in_features=5, out_features=1, bias=True), 5, 1))
        ), 
    loss= DAMGrepository.L1Loss(reduction='mean'), 
    optimizer= DAMGrepository.Adam(learning_rate=0.01, betas=(0.9, 0.999), eps=1e-08, weight_decay=0.0, amsgrad=False, maximize=False, capturable=False, differentiable=False, decoupled_weight_decay=False), 
    epochs= 2000
    )
","
Learner(
    model= (
        ((DAMGrepository.Linear(in_features=1, out_features=5, bias=True), 1, 5)) ; ((DAMGrepository.Linear(in_features=3, out_features=1, bias=False), 3, 1) || (DAMGrepository.ReLu(inplace=False), 2, 2)) ; ((DAMGrepository.Linear(in_features=1, out_features=4, bias=True), 1, 4) || (DAMGrepository.Sum(with_constant=1), 2, 1)) ; ((DAMGrepository.Linear(in_features=3, out_features=1, bias=False), 3, 1) || (DAMGrepository.ReLu(inplace=False), 2, 2)) ; ((DAMGrepository.Linear(in_features=3, out_features=1, bias=False), 3, 1))
        ), 
    loss= DAMGrepository.L1Loss(reduction='mean'), 
    optimizer= DAMGrepository.Adam(learning_rate=0.01, betas=(0.9, 0.999), eps=1e-08, weight_decay=0.0, amsgrad=False, maximize=False, capturable=False, differentiable=False, decoupled_weight_decay=False), 
    epochs= 2000
    )
",0.8631203770637512,0.10761667042970657,231.2650461960584,2.8847158309072256,9869.767498592846,0.3209861180063714,0.3605485331666392,,,,,,,0.9119781439426278,0.799396681749623,0.9959419154544947
target_len_5_noisy_hierarchical_damg_kernel_13_7,bo,target_len_5,noisy_hierarchical_damg_kernel_13,7,43,"
Learner(
    model= (
        ((DAMGrepository.Linear(in_features=1, out_features=5, bias=True), 1, 5)) ; ((DAMGrepository.Sigmoid(), 1, 1) || (DAMGrepository.Sigmoid(), 1, 1) || (DAMGrepository.Linear(in_features=3, out_features=2, bias=False), 3, 2)) ; ((DAMGrepository.Linear(in_features=3, out_features=2, bias=False), 3, 2) || (DAMGrepository.Linear(in_features=1, out_features=2, bias=True), 1, 2)) ; ((DAMGrepository.Linear(in_features=1, out_features=2, bias=True), 1, 2) || (DAMGrepository.Linear(in_features=3, out_features=1, bias=False), 3, 1)) ; ((DAMGrepository.Linear(in_features=3, out_features=1, bias=False), 3, 1))
        ), 
    loss= DAMGrepository.L1Loss(reduction='mean'), 
    optimizer= DAMGrepository.Adam(learning_rate=0.01, betas=(0.9, 0.999), eps=1e-08, weight_decay=0.0, amsgrad=False, maximize=False, capturable=False, differentiable=False, decoupled_weight_decay=False), 
    epochs= 2000
    )
","
Learner(
    model= (
        ((DAMGrepository.Linear(in_features=1, out_features=5, bias=True), 1, 5)) ; ((DAMGrepository.Linear(in_features=3, out_features=1, bias=False), 3, 1) || (DAMGrepository.ReLu(inplace=False), 2, 2)) ; ((DAMGrepository.Linear(in_features=1, out_features=4, bias=True), 1, 4) || (DAMGrepository.Sum(with_constant=1), 2, 1)) ; ((DAMGrepository.Linear(in_features=3, out_features=1, bias=False), 3, 1) || (DAMGrepository.ReLu(inplace=False), 2, 2)) ; ((DAMGrepository.Linear(in_features=3, out_features=1, bias=False), 3, 1))
        ), 
    loss= DAMGrepository.L1Loss(reduction='mean'), 
    optimizer= DAMGrepository.Adam(learning_rate=0.01, betas=(0.9, 0.999), eps=1e-08, weight_decay=0.0, amsgrad=False, maximize=False, capturable=False, differentiable=False, decoupled_weight_decay=False), 
    epochs= 2000
    )
",0.8178060054779053,0.10761667042970657,231.7164652282372,3.060134891420603,10104.544098712504,0.4168325214553507,0.370004623157772,,,,,,,0.9491211094984681,0.8388969521044993,0.9969403561403309
target_len_5_noisy_hierarchical_damg_kernel_13_7,bo,target_len_5,noisy_hierarchical_damg_kernel_13,7,44,"
Learner(
    model= (
        ((DAMGrepository.Linear(in_features=1, out_features=5, bias=True), 1, 5)) ; ((DAMGrepository.Linear(in_features=3, out_features=2, bias=False), 3, 2) || edges(2)) ; ((DAMGrepository.Linear(in_features=1, out_features=3, bias=True), 1, 3) || (DAMGrepository.Sigmoid(), 1, 1) || (DAMGrepository.Sum(with_constant=0), 2, 1)) ; ((DAMGrepository.Sum(with_constant=1), 2, 1) || (DAMGrepository.Linear(in_features=3, out_features=2, bias=False), 3, 2)) ; ((DAMGrepository.Linear(in_features=3, out_features=1, bias=False), 3, 1))
        ), 
    loss= DAMGrepository.L1Loss(reduction='mean'), 
    optimizer= DAMGrepository.Adam(learning_rate=0.01, betas=(0.9, 0.999), eps=1e-08, weight_decay=0.0, amsgrad=False, maximize=False, capturable=False, differentiable=False, decoupled_weight_decay=False), 
    epochs= 2000
    )
","
Learner(
    model= (
        ((DAMGrepository.Linear(in_features=1, out_features=5, bias=True), 1, 5)) ; ((DAMGrepository.Linear(in_features=3, out_features=1, bias=False), 3, 1) || (DAMGrepository.ReLu(inplace=False), 2, 2)) ; ((DAMGrepository.Linear(in_features=1, out_features=4, bias=True), 1, 4) || (DAMGrepository.Sum(with_constant=1), 2, 1)) ; ((DAMGrepository.Linear(in_features=3, out_features=1, bias=False), 3, 1) || (DAMGrepository.ReLu(inplace=False), 2, 2)) ; ((DAMGrepository.Linear(in_features=3, out_features=1, bias=False), 3, 1))
        ), 
    loss= DAMGrepository.L1Loss(reduction='mean'), 
    optimizer= DAMGrepository.Adam(learning_rate=0.01, betas=(0.9, 0.999), eps=1e-08, weight_decay=0.0, amsgrad=False, maximize=False, capturable=False, differentiable=False, decoupled_weight_decay=False), 
    epochs= 2000
    )
",1.1203354597091675,0.10761667042970657,244.90690504200757,2.7460545310750604,10352.197058285587,0.31363375166556773,0.37443251836787794,,,,,,,0.9618829807509052,0.8630328441649197,0.9972179510121795
target_len_5_noisy_hierarchical_damg_kernel_13_7,bo,target_len_5,noisy_hierarchical_damg_kernel_13,7,45,"
Learner(
    model= (
        ((DAMGrepository.Linear(in_features=1, out_features=5, bias=True), 1, 5)) ; ((DAMGrepository.Sigmoid(), 1, 1) || (DAMGrepository.Sum(with_constant=0), 2, 1) || (DAMGrepository.Sum(with_constant=0), 2, 1)) ; ((DAMGrepository.ReLu(inplace=False), 2, 2) || (DAMGrepository.Linear(in_features=1, out_features=3, bias=False), 1, 3)) ; ((DAMGrepository.Sigmoid(), 1, 1) || (DAMGrepository.Linear(in_features=2, out_features=1, bias=False), 2, 1) || (DAMGrepository.Sum(with_constant=1), 2, 1)) ; ((DAMGrepository.Linear(in_features=3, out_features=1, bias=False), 3, 1))
        ), 
    loss= DAMGrepository.L1Loss(reduction='mean'), 
    optimizer= DAMGrepository.Adam(learning_rate=0.01, betas=(0.9, 0.999), eps=1e-08, weight_decay=0.0, amsgrad=False, maximize=False, capturable=False, differentiable=False, decoupled_weight_decay=False), 
    epochs= 2000
    )
","
Learner(
    model= (
        ((DAMGrepository.Linear(in_features=1, out_features=5, bias=True), 1, 5)) ; ((DAMGrepository.Sigmoid(), 1, 1) || (DAMGrepository.Sum(with_constant=0), 2, 1) || (DAMGrepository.Sum(with_constant=0), 2, 1)) ; ((DAMGrepository.ReLu(inplace=False), 2, 2) || (DAMGrepository.Linear(in_features=1, out_features=3, bias=False), 1, 3)) ; ((DAMGrepository.Sigmoid(), 1, 1) || (DAMGrepository.Linear(in_features=2, out_features=1, bias=False), 2, 1) || (DAMGrepository.Sum(with_constant=1), 2, 1)) ; ((DAMGrepository.Linear(in_features=3, out_features=1, bias=False), 3, 1))
        ), 
    loss= DAMGrepository.L1Loss(reduction='mean'), 
    optimizer= DAMGrepository.Adam(learning_rate=0.01, betas=(0.9, 0.999), eps=1e-08, weight_decay=0.0, amsgrad=False, maximize=False, capturable=False, differentiable=False, decoupled_weight_decay=False), 
    epochs= 2000
    )
",0.024933909997344017,0.024933909997344017,261.85738175641745,2.3322577588260174,10616.38669780083,0.0,0.3153168730591533,,,,,,,0.9639971139971143,0.8639730639730642,0.9972971091751344
target_len_5_noisy_hierarchical_damg_kernel_13_7,bo,target_len_5,noisy_hierarchical_damg_kernel_13,7,46,"
Learner(
    model= (
        ((DAMGrepository.Linear(in_features=1, out_features=5, bias=True), 1, 5)) ; ((DAMGrepository.Sigmoid(), 2, 2) || (DAMGrepository.Linear(in_features=3, out_features=1, bias=False), 3, 1)) ; ((DAMGrepository.Linear(in_features=1, out_features=4, bias=True), 1, 4) || (DAMGrepository.Sum(with_constant=1), 2, 1)) ; ((DAMGrepository.Sigmoid(), 2, 2) || (DAMGrepository.Linear(in_features=3, out_features=1, bias=False), 3, 1)) ; ((DAMGrepository.Product(with_constant=-1), 3, 1))
        ), 
    loss= DAMGrepository.L1Loss(reduction='mean'), 
    optimizer= DAMGrepository.Adam(learning_rate=0.01, betas=(0.9, 0.999), eps=1e-08, weight_decay=0.0, amsgrad=False, maximize=False, capturable=False, differentiable=False, decoupled_weight_decay=False), 
    epochs= 2000
    )
","
Learner(
    model= (
        ((DAMGrepository.Linear(in_features=1, out_features=5, bias=True), 1, 5)) ; ((DAMGrepository.Sigmoid(), 1, 1) || (DAMGrepository.Sum(with_constant=0), 2, 1) || (DAMGrepository.Sum(with_constant=0), 2, 1)) ; ((DAMGrepository.ReLu(inplace=False), 2, 2) || (DAMGrepository.Linear(in_features=1, out_features=3, bias=False), 1, 3)) ; ((DAMGrepository.Sigmoid(), 1, 1) || (DAMGrepository.Linear(in_features=2, out_features=1, bias=False), 2, 1) || (DAMGrepository.Sum(with_constant=1), 2, 1)) ; ((DAMGrepository.Linear(in_features=3, out_features=1, bias=False), 3, 1))
        ), 
    loss= DAMGrepository.L1Loss(reduction='mean'), 
    optimizer= DAMGrepository.Adam(learning_rate=0.01, betas=(0.9, 0.999), eps=1e-08, weight_decay=0.0, amsgrad=False, maximize=False, capturable=False, differentiable=False, decoupled_weight_decay=False), 
    epochs= 2000
    )
",0.7411853075027466,0.024933909997344017,184.81333723384887,2.2948493929579854,10803.494884427637,0.38251199308586126,0.36181268100002456,,,,,,,0.9511278195488723,0.8649350649350651,0.9976710373169836
target_len_5_noisy_hierarchical_damg_kernel_13_7,bo,target_len_5,noisy_hierarchical_damg_kernel_13,7,47,"
Learner(
    model= (
        ((DAMGrepository.Linear(in_features=1, out_features=5, bias=True), 1, 5)) ; ((DAMGrepository.Linear(in_features=3, out_features=2, bias=False), 3, 2) || (DAMGrepository.Sum(with_constant=1), 2, 1)) ; ((DAMGrepository.Linear(in_features=3, out_features=2, bias=False), 3, 2)) ; ((DAMGrepository.Linear(in_features=2, out_features=4, bias=False), 2, 4)) ; ((DAMGrepository.Sum(with_constant=0), 4, 1))
        ), 
    loss= DAMGrepository.L1Loss(reduction='mean'), 
    optimizer= DAMGrepository.Adam(learning_rate=0.01, betas=(0.9, 0.999), eps=1e-08, weight_decay=0.0, amsgrad=False, maximize=False, capturable=False, differentiable=False, decoupled_weight_decay=False), 
    epochs= 2000
    )
","
Learner(
    model= (
        ((DAMGrepository.Linear(in_features=1, out_features=5, bias=True), 1, 5)) ; ((DAMGrepository.Sigmoid(), 1, 1) || (DAMGrepository.Sum(with_constant=0), 2, 1) || (DAMGrepository.Sum(with_constant=0), 2, 1)) ; ((DAMGrepository.ReLu(inplace=False), 2, 2) || (DAMGrepository.Linear(in_features=1, out_features=3, bias=False), 1, 3)) ; ((DAMGrepository.Sigmoid(), 1, 1) || (DAMGrepository.Linear(in_features=2, out_features=1, bias=False), 2, 1) || (DAMGrepository.Sum(with_constant=1), 2, 1)) ; ((DAMGrepository.Linear(in_features=3, out_features=1, bias=False), 3, 1))
        ), 
    loss= DAMGrepository.L1Loss(reduction='mean'), 
    optimizer= DAMGrepository.Adam(learning_rate=0.01, betas=(0.9, 0.999), eps=1e-08, weight_decay=0.0, amsgrad=False, maximize=False, capturable=False, differentiable=False, decoupled_weight_decay=False), 
    epochs= 2000
    )
",4.167382717132568,0.024933909997344017,115.6413482921198,2.1347777228802443,10921.271010442637,0.507606385155555,0.49753988327661247,,,,,,,0.9755639097744362,0.8884711779448622,0.9980569603243092
target_len_5_noisy_hierarchical_damg_kernel_13_7,bo,target_len_5,noisy_hierarchical_damg_kernel_13,7,48,"
Learner(
    model= (
        ((DAMGrepository.Linear(in_features=1, out_features=5, bias=True), 1, 5)) ; ((DAMGrepository.Linear(in_features=3, out_features=1, bias=False), 3, 1) || (DAMGrepository.Linear(in_features=2, out_features=4, bias=True), 2, 4)) ; (edges(2) || (DAMGrepository.Linear(in_features=3, out_features=2, bias=False), 3, 2)) ; ((DAMGrepository.Linear(in_features=3, out_features=1, bias=False), 3, 1) || (DAMGrepository.Linear(in_features=1, out_features=4, bias=True), 1, 4)) ; ((DAMGrepository.Linear(in_features=5, out_features=1, bias=True), 5, 1))
        ), 
    loss= DAMGrepository.L1Loss(reduction='mean'), 
    optimizer= DAMGrepository.Adam(learning_rate=0.01, betas=(0.9, 0.999), eps=1e-08, weight_decay=0.0, amsgrad=False, maximize=False, capturable=False, differentiable=False, decoupled_weight_decay=False), 
    epochs= 2000
    )
","
Learner(
    model= (
        ((DAMGrepository.Linear(in_features=1, out_features=5, bias=True), 1, 5)) ; ((DAMGrepository.Sigmoid(), 1, 1) || (DAMGrepository.Sum(with_constant=0), 2, 1) || (DAMGrepository.Sum(with_constant=0), 2, 1)) ; ((DAMGrepository.ReLu(inplace=False), 2, 2) || (DAMGrepository.Linear(in_features=1, out_features=3, bias=False), 1, 3)) ; ((DAMGrepository.Sigmoid(), 1, 1) || (DAMGrepository.Linear(in_features=2, out_features=1, bias=False), 2, 1) || (DAMGrepository.Sum(with_constant=1), 2, 1)) ; ((DAMGrepository.Linear(in_features=3, out_features=1, bias=False), 3, 1))
        ), 
    loss= DAMGrepository.L1Loss(reduction='mean'), 
    optimizer= DAMGrepository.Adam(learning_rate=0.01, betas=(0.9, 0.999), eps=1e-08, weight_decay=0.0, amsgrad=False, maximize=False, capturable=False, differentiable=False, decoupled_weight_decay=False), 
    epochs= 2000
    )
",4.168463706970215,0.024933909997344017,186.58458537887782,3.0108753591775894,11110.866471180692,0.5062716540455222,0.45444433508226734,,,,,,,0.9621643237257376,0.8693284936479128,0.9975116407721173
target_len_5_noisy_hierarchical_damg_kernel_13_7,bo,target_len_5,noisy_hierarchical_damg_kernel_13,7,49,"
Learner(
    model= (
        ((DAMGrepository.Linear(in_features=1, out_features=5, bias=True), 1, 5)) ; ((DAMGrepository.Product(with_constant=-1), 3, 1) || (DAMGrepository.Linear(in_features=2, out_features=2, bias=False), 2, 2)) ; ((DAMGrepository.Sum(with_constant=0), 2, 1) || (DAMGrepository.Copy(out_dimension=3), 1, 3)) ; ((DAMGrepository.Linear(in_features=2, out_features=2, bias=False), 2, 2) || (DAMGrepository.Sum(with_constant=1), 2, 1)) ; ((DAMGrepository.Product(with_constant=-1), 3, 1))
        ), 
    loss= DAMGrepository.L1Loss(reduction='mean'), 
    optimizer= DAMGrepository.Adam(learning_rate=0.01, betas=(0.9, 0.999), eps=1e-08, weight_decay=0.0, amsgrad=False, maximize=False, capturable=False, differentiable=False, decoupled_weight_decay=False), 
    epochs= 2000
    )
","
Learner(
    model= (
        ((DAMGrepository.Linear(in_features=1, out_features=5, bias=True), 1, 5)) ; ((DAMGrepository.Sigmoid(), 1, 1) || (DAMGrepository.Sum(with_constant=0), 2, 1) || (DAMGrepository.Sum(with_constant=0), 2, 1)) ; ((DAMGrepository.ReLu(inplace=False), 2, 2) || (DAMGrepository.Linear(in_features=1, out_features=3, bias=False), 1, 3)) ; ((DAMGrepository.Sigmoid(), 1, 1) || (DAMGrepository.Linear(in_features=2, out_features=1, bias=False), 2, 1) || (DAMGrepository.Sum(with_constant=1), 2, 1)) ; ((DAMGrepository.Linear(in_features=3, out_features=1, bias=False), 3, 1))
        ), 
    loss= DAMGrepository.L1Loss(reduction='mean'), 
    optimizer= DAMGrepository.Adam(learning_rate=0.01, betas=(0.9, 0.999), eps=1e-08, weight_decay=0.0, amsgrad=False, maximize=False, capturable=False, differentiable=False, decoupled_weight_decay=False), 
    epochs= 2000
    )
",1.0560160875320435,0.024933909997344017,194.68744392786175,2.539128956384957,11308.093044064939,0.3865808912933167,0.4120175680409278,,,,,,,0.9448275862068967,0.8503798947983634,0.9970356243932803
target_len_5_noisy_hierarchical_damg_kernel_13_7,bo,target_len_5,noisy_hierarchical_damg_kernel_13,7,50,"
Learner(
    model= (
        ((DAMGrepository.Linear(in_features=1, out_features=3, bias=False), 1, 3)) ; ((DAMGrepository.Sigmoid(), 1, 1) || (DAMGrepository.Linear(in_features=2, out_features=4, bias=False), 2, 4)) ; ((DAMGrepository.Sigmoid(), 1, 1) || (DAMGrepository.Linear(in_features=1, out_features=2, bias=True), 1, 2) || (DAMGrepository.Linear(in_features=3, out_features=1, bias=False), 3, 1)) ; ((DAMGrepository.Linear(in_features=1, out_features=2, bias=True), 1, 2) || (DAMGrepository.Linear(in_features=3, out_features=1, bias=False), 3, 1)) ; ((DAMGrepository.Product(with_constant=-1), 3, 1))
        ), 
    loss= DAMGrepository.L1Loss(reduction='mean'), 
    optimizer= DAMGrepository.Adam(learning_rate=0.01, betas=(0.9, 0.999), eps=1e-08, weight_decay=0.0, amsgrad=False, maximize=False, capturable=False, differentiable=False, decoupled_weight_decay=False), 
    epochs= 2000
    )
","
Learner(
    model= (
        ((DAMGrepository.Linear(in_features=1, out_features=5, bias=True), 1, 5)) ; ((DAMGrepository.Sigmoid(), 1, 1) || (DAMGrepository.Sum(with_constant=0), 2, 1) || (DAMGrepository.Sum(with_constant=0), 2, 1)) ; ((DAMGrepository.ReLu(inplace=False), 2, 2) || (DAMGrepository.Linear(in_features=1, out_features=3, bias=False), 1, 3)) ; ((DAMGrepository.Sigmoid(), 1, 1) || (DAMGrepository.Linear(in_features=2, out_features=1, bias=False), 2, 1) || (DAMGrepository.Sum(with_constant=1), 2, 1)) ; ((DAMGrepository.Linear(in_features=3, out_features=1, bias=False), 3, 1))
        ), 
    loss= DAMGrepository.L1Loss(reduction='mean'), 
    optimizer= DAMGrepository.Adam(learning_rate=0.01, betas=(0.9, 0.999), eps=1e-08, weight_decay=0.0, amsgrad=False, maximize=False, capturable=False, differentiable=False, decoupled_weight_decay=False), 
    epochs= 2000
    )
",1.0579813718795776,0.024933909997344017,253.7615621443838,2.881769542582333,11564.736375751905,0.4143177306260937,0.36125742381789555,,,,,,,0.9565434843011951,0.8632768361581921,0.9976553827777495
target_len_5_noisy_hierarchical_damg_kernel_13_7,bo,target_len_5,noisy_hierarchical_damg_kernel_13,7,51,"
Learner(
    model= (
        ((DAMGrepository.Linear(in_features=1, out_features=5, bias=True), 1, 5)) ; ((DAMGrepository.Linear(in_features=1, out_features=4, bias=True), 1, 4) || (DAMGrepository.Sum(with_constant=0), 4, 1)) ; ((DAMGrepository.Linear(in_features=1, out_features=4, bias=True), 1, 4) || (DAMGrepository.Sum(with_constant=0), 4, 1)) ; ((DAMGrepository.Linear(in_features=1, out_features=2, bias=True), 1, 2) || (DAMGrepository.Sum(with_constant=0), 4, 1)) ; ((DAMGrepository.Linear(in_features=3, out_features=1, bias=False), 3, 1))
        ), 
    loss= DAMGrepository.L1Loss(reduction='mean'), 
    optimizer= DAMGrepository.Adam(learning_rate=0.01, betas=(0.9, 0.999), eps=1e-08, weight_decay=0.0, amsgrad=False, maximize=False, capturable=False, differentiable=False, decoupled_weight_decay=False), 
    epochs= 2000
    )
","
Learner(
    model= (
        ((DAMGrepository.Linear(in_features=1, out_features=5, bias=True), 1, 5)) ; ((DAMGrepository.Sigmoid(), 1, 1) || (DAMGrepository.Sum(with_constant=0), 2, 1) || (DAMGrepository.Sum(with_constant=0), 2, 1)) ; ((DAMGrepository.ReLu(inplace=False), 2, 2) || (DAMGrepository.Linear(in_features=1, out_features=3, bias=False), 1, 3)) ; ((DAMGrepository.Sigmoid(), 1, 1) || (DAMGrepository.Linear(in_features=2, out_features=1, bias=False), 2, 1) || (DAMGrepository.Sum(with_constant=1), 2, 1)) ; ((DAMGrepository.Linear(in_features=3, out_features=1, bias=False), 3, 1))
        ), 
    loss= DAMGrepository.L1Loss(reduction='mean'), 
    optimizer= DAMGrepository.Adam(learning_rate=0.01, betas=(0.9, 0.999), eps=1e-08, weight_decay=0.0, amsgrad=False, maximize=False, capturable=False, differentiable=False, decoupled_weight_decay=False), 
    epochs= 2000
    )
",4.170066833496094,0.024933909997344017,231.14196371659636,2.552690357901156,11798.431029826403,0.5449656249966834,0.5117894682797772,,,,,,,0.9786885245901638,0.8972677595628415,0.998256999628291
target_len_5_noisy_hierarchical_damg_kernel_13_7,bo,target_len_5,noisy_hierarchical_damg_kernel_13,7,52,"
Learner(
    model= (
        ((DAMGrepository.Linear(in_features=1, out_features=5, bias=True), 1, 5)) ; ((DAMGrepository.Linear(in_features=2, out_features=2, bias=False), 2, 2) || (DAMGrepository.Linear(in_features=3, out_features=1, bias=False), 3, 1)) ; ((DAMGrepository.Sum(with_constant=0), 2, 1) || (DAMGrepository.Linear(in_features=1, out_features=4, bias=True), 1, 4)) ; ((DAMGrepository.Linear(in_features=2, out_features=2, bias=False), 2, 2) || (DAMGrepository.Linear(in_features=3, out_features=1, bias=False), 3, 1)) ; ((DAMGrepository.Product(with_constant=-1), 3, 1))
        ), 
    loss= DAMGrepository.L1Loss(reduction='mean'), 
    optimizer= DAMGrepository.Adam(learning_rate=0.01, betas=(0.9, 0.999), eps=1e-08, weight_decay=0.0, amsgrad=False, maximize=False, capturable=False, differentiable=False, decoupled_weight_decay=False), 
    epochs= 2000
    )
","
Learner(
    model= (
        ((DAMGrepository.Linear(in_features=1, out_features=5, bias=True), 1, 5)) ; ((DAMGrepository.Sigmoid(), 1, 1) || (DAMGrepository.Sum(with_constant=0), 2, 1) || (DAMGrepository.Sum(with_constant=0), 2, 1)) ; ((DAMGrepository.ReLu(inplace=False), 2, 2) || (DAMGrepository.Linear(in_features=1, out_features=3, bias=False), 1, 3)) ; ((DAMGrepository.Sigmoid(), 1, 1) || (DAMGrepository.Linear(in_features=2, out_features=1, bias=False), 2, 1) || (DAMGrepository.Sum(with_constant=1), 2, 1)) ; ((DAMGrepository.Linear(in_features=3, out_features=1, bias=False), 3, 1))
        ), 
    loss= DAMGrepository.L1Loss(reduction='mean'), 
    optimizer= DAMGrepository.Adam(learning_rate=0.01, betas=(0.9, 0.999), eps=1e-08, weight_decay=0.0, amsgrad=False, maximize=False, capturable=False, differentiable=False, decoupled_weight_decay=False), 
    epochs= 2000
    )
",1.7060048580169678,0.024933909997344017,199.00532035902143,2.8197791017591953,12000.256129287183,0.3940593865544326,0.36121958352405076,,,,,,,0.9622774546095539,0.861448968799577,0.9975581945293615
target_len_5_noisy_hierarchical_damg_kernel_13_7,bo,target_len_5,noisy_hierarchical_damg_kernel_13,7,53,"
Learner(
    model= (
        ((DAMGrepository.Linear(in_features=1, out_features=5, bias=True), 1, 5)) ; (edges(1) || (DAMGrepository.Sum(with_constant=1), 2, 1) || edges(1) || (DAMGrepository.Tanh(), 1, 1)) ; ((DAMGrepository.Linear(in_features=3, out_features=1, bias=False), 3, 1) || (DAMGrepository.Linear(in_features=1, out_features=4, bias=True), 1, 4)) ; ((DAMGrepository.Linear(in_features=3, out_features=1, bias=False), 3, 1) || (DAMGrepository.Linear(in_features=2, out_features=1, bias=False), 2, 1)) ; ((DAMGrepository.Sum(with_constant=0), 2, 1))
        ), 
    loss= DAMGrepository.L1Loss(reduction='mean'), 
    optimizer= DAMGrepository.Adam(learning_rate=0.01, betas=(0.9, 0.999), eps=1e-08, weight_decay=0.0, amsgrad=False, maximize=False, capturable=False, differentiable=False, decoupled_weight_decay=False), 
    epochs= 2000
    )
","
Learner(
    model= (
        ((DAMGrepository.Linear(in_features=1, out_features=5, bias=True), 1, 5)) ; ((DAMGrepository.Sigmoid(), 1, 1) || (DAMGrepository.Sum(with_constant=0), 2, 1) || (DAMGrepository.Sum(with_constant=0), 2, 1)) ; ((DAMGrepository.ReLu(inplace=False), 2, 2) || (DAMGrepository.Linear(in_features=1, out_features=3, bias=False), 1, 3)) ; ((DAMGrepository.Sigmoid(), 1, 1) || (DAMGrepository.Linear(in_features=2, out_features=1, bias=False), 2, 1) || (DAMGrepository.Sum(with_constant=1), 2, 1)) ; ((DAMGrepository.Linear(in_features=3, out_features=1, bias=False), 3, 1))
        ), 
    loss= DAMGrepository.L1Loss(reduction='mean'), 
    optimizer= DAMGrepository.Adam(learning_rate=0.01, betas=(0.9, 0.999), eps=1e-08, weight_decay=0.0, amsgrad=False, maximize=False, capturable=False, differentiable=False, decoupled_weight_decay=False), 
    epochs= 2000
    )
",1.0509778261184692,0.024933909997344017,221.10121382959187,2.4285671934485435,12223.785910310224,0.3511160755826047,0.39027097814077866,,,,,,,0.9702380952380952,0.8740399385560675,0.998026716898011
target_len_5_noisy_hierarchical_damg_kernel_13_7,bo,target_len_5,noisy_hierarchical_damg_kernel_13,7,54,"
Learner(
    model= (
        ((DAMGrepository.Linear(in_features=1, out_features=5, bias=True), 1, 5)) ; ((DAMGrepository.Linear(in_features=3, out_features=1, bias=False), 3, 1) || (DAMGrepository.Linear(in_features=2, out_features=3, bias=True), 2, 3)) ; ((DAMGrepository.Linear(in_features=1, out_features=2, bias=True), 1, 2) || (DAMGrepository.Linear(in_features=3, out_features=1, bias=False), 3, 1)) ; ((DAMGrepository.Linear(in_features=2, out_features=4, bias=False), 2, 4) || (DAMGrepository.Sigmoid(), 1, 1)) ; ((DAMGrepository.Product(with_constant=1), 5, 1))
        ), 
    loss= DAMGrepository.L1Loss(reduction='mean'), 
    optimizer= DAMGrepository.Adam(learning_rate=0.01, betas=(0.9, 0.999), eps=1e-08, weight_decay=0.0, amsgrad=False, maximize=False, capturable=False, differentiable=False, decoupled_weight_decay=False), 
    epochs= 2000
    )
","
Learner(
    model= (
        ((DAMGrepository.Linear(in_features=1, out_features=5, bias=True), 1, 5)) ; ((DAMGrepository.Sigmoid(), 1, 1) || (DAMGrepository.Sum(with_constant=0), 2, 1) || (DAMGrepository.Sum(with_constant=0), 2, 1)) ; ((DAMGrepository.ReLu(inplace=False), 2, 2) || (DAMGrepository.Linear(in_features=1, out_features=3, bias=False), 1, 3)) ; ((DAMGrepository.Sigmoid(), 1, 1) || (DAMGrepository.Linear(in_features=2, out_features=1, bias=False), 2, 1) || (DAMGrepository.Sum(with_constant=1), 2, 1)) ; ((DAMGrepository.Linear(in_features=3, out_features=1, bias=False), 3, 1))
        ), 
    loss= DAMGrepository.L1Loss(reduction='mean'), 
    optimizer= DAMGrepository.Adam(learning_rate=0.01, betas=(0.9, 0.999), eps=1e-08, weight_decay=0.0, amsgrad=False, maximize=False, capturable=False, differentiable=False, decoupled_weight_decay=False), 
    epochs= 2000
    )
",0.7839409708976746,0.024933909997344017,215.78726555220783,2.973828012123704,12442.547003874555,0.39479880570166875,0.3365225333741323,,,,,,,0.9344780219780219,0.8472222222222222,0.9974464742869493
target_len_5_noisy_hierarchical_damg_kernel_13_7,bo,target_len_5,noisy_hierarchical_damg_kernel_13,7,55,"
Learner(
    model= (
        ((DAMGrepository.Linear(in_features=1, out_features=5, bias=True), 1, 5)) ; ((DAMGrepository.Sigmoid(), 1, 1) || (DAMGrepository.Sum(with_constant=0), 2, 1) || (DAMGrepository.Sum(with_constant=0), 2, 1)) ; ((DAMGrepository.Linear(in_features=2, out_features=3, bias=False), 2, 3) || (DAMGrepository.Sigmoid(), 1, 1)) ; ((DAMGrepository.Linear(in_features=3, out_features=1, bias=False), 3, 1) || edges(1)) ; ((DAMGrepository.Linear(in_features=2, out_features=1, bias=False), 2, 1))
        ), 
    loss= DAMGrepository.L1Loss(reduction='mean'), 
    optimizer= DAMGrepository.Adam(learning_rate=0.01, betas=(0.9, 0.999), eps=1e-08, weight_decay=0.0, amsgrad=False, maximize=False, capturable=False, differentiable=False, decoupled_weight_decay=False), 
    epochs= 2000
    )
","
Learner(
    model= (
        ((DAMGrepository.Linear(in_features=1, out_features=5, bias=True), 1, 5)) ; ((DAMGrepository.Sigmoid(), 1, 1) || (DAMGrepository.Sum(with_constant=0), 2, 1) || (DAMGrepository.Sum(with_constant=0), 2, 1)) ; ((DAMGrepository.ReLu(inplace=False), 2, 2) || (DAMGrepository.Linear(in_features=1, out_features=3, bias=False), 1, 3)) ; ((DAMGrepository.Sigmoid(), 1, 1) || (DAMGrepository.Linear(in_features=2, out_features=1, bias=False), 2, 1) || (DAMGrepository.Sum(with_constant=1), 2, 1)) ; ((DAMGrepository.Linear(in_features=3, out_features=1, bias=False), 3, 1))
        ), 
    loss= DAMGrepository.L1Loss(reduction='mean'), 
    optimizer= DAMGrepository.Adam(learning_rate=0.01, betas=(0.9, 0.999), eps=1e-08, weight_decay=0.0, amsgrad=False, maximize=False, capturable=False, differentiable=False, decoupled_weight_decay=False), 
    epochs= 2000
    )
",0.7882815003395081,0.024933909997344017,205.92471434827894,2.40408927295357,12650.875807495788,0.24494446178412776,0.3553554273480316,,,,,,,0.9687937062937063,0.8701923076923078,0.9980870518725447
target_len_5_noisy_hierarchical_damg_kernel_13_7,bo,target_len_5,noisy_hierarchical_damg_kernel_13,7,56,"
Learner(
    model= (
        ((DAMGrepository.Linear(in_features=1, out_features=5, bias=True), 1, 5)) ; ((DAMGrepository.Linear(in_features=1, out_features=2, bias=True), 1, 2) || (DAMGrepository.Linear(in_features=3, out_features=1, bias=False), 3, 1) || (DAMGrepository.Sigmoid(), 1, 1)) ; ((DAMGrepository.Tanh(), 4, 4)) ; ((DAMGrepository.Linear(in_features=2, out_features=1, bias=False), 2, 1) || (DAMGrepository.Linear(in_features=2, out_features=1, bias=False), 2, 1)) ; ((DAMGrepository.Sum(with_constant=0), 2, 1))
        ), 
    loss= DAMGrepository.L1Loss(reduction='mean'), 
    optimizer= DAMGrepository.Adam(learning_rate=0.01, betas=(0.9, 0.999), eps=1e-08, weight_decay=0.0, amsgrad=False, maximize=False, capturable=False, differentiable=False, decoupled_weight_decay=False), 
    epochs= 2000
    )
","
Learner(
    model= (
        ((DAMGrepository.Linear(in_features=1, out_features=5, bias=True), 1, 5)) ; ((DAMGrepository.Sigmoid(), 1, 1) || (DAMGrepository.Sum(with_constant=0), 2, 1) || (DAMGrepository.Sum(with_constant=0), 2, 1)) ; ((DAMGrepository.ReLu(inplace=False), 2, 2) || (DAMGrepository.Linear(in_features=1, out_features=3, bias=False), 1, 3)) ; ((DAMGrepository.Sigmoid(), 1, 1) || (DAMGrepository.Linear(in_features=2, out_features=1, bias=False), 2, 1) || (DAMGrepository.Sum(with_constant=1), 2, 1)) ; ((DAMGrepository.Linear(in_features=3, out_features=1, bias=False), 3, 1))
        ), 
    loss= DAMGrepository.L1Loss(reduction='mean'), 
    optimizer= DAMGrepository.Adam(learning_rate=0.01, betas=(0.9, 0.999), eps=1e-08, weight_decay=0.0, amsgrad=False, maximize=False, capturable=False, differentiable=False, decoupled_weight_decay=False), 
    epochs= 2000
    )
",2.094999313354492,0.024933909997344017,189.9929431816563,2.4357454795390368,12843.304496156983,0.3742423182395163,0.4200592043419773,,,,,,,0.9697735100720178,0.8806526806526807,0.9981805347969972
target_len_5_noisy_hierarchical_damg_kernel_13_7,bo,target_len_5,noisy_hierarchical_damg_kernel_13,7,57,"
Learner(
    model= (
        ((DAMGrepository.Linear(in_features=1, out_features=3, bias=False), 1, 3)) ; ((DAMGrepository.Linear(in_features=2, out_features=2, bias=False), 2, 2) || (DAMGrepository.Linear(in_features=1, out_features=2, bias=True), 1, 2)) ; ((DAMGrepository.Linear(in_features=2, out_features=3, bias=True), 2, 3) || (DAMGrepository.Linear(in_features=2, out_features=1, bias=False), 2, 1)) ; ((DAMGrepository.Linear(in_features=3, out_features=2, bias=False), 3, 2) || (DAMGrepository.Sigmoid(), 1, 1)) ; ((DAMGrepository.Product(with_constant=-1), 3, 1))
        ), 
    loss= DAMGrepository.L1Loss(reduction='mean'), 
    optimizer= DAMGrepository.Adam(learning_rate=0.01, betas=(0.9, 0.999), eps=1e-08, weight_decay=0.0, amsgrad=False, maximize=False, capturable=False, differentiable=False, decoupled_weight_decay=False), 
    epochs= 2000
    )
","
Learner(
    model= (
        ((DAMGrepository.Linear(in_features=1, out_features=5, bias=True), 1, 5)) ; ((DAMGrepository.Sigmoid(), 1, 1) || (DAMGrepository.Sum(with_constant=0), 2, 1) || (DAMGrepository.Sum(with_constant=0), 2, 1)) ; ((DAMGrepository.ReLu(inplace=False), 2, 2) || (DAMGrepository.Linear(in_features=1, out_features=3, bias=False), 1, 3)) ; ((DAMGrepository.Sigmoid(), 1, 1) || (DAMGrepository.Linear(in_features=2, out_features=1, bias=False), 2, 1) || (DAMGrepository.Sum(with_constant=1), 2, 1)) ; ((DAMGrepository.Linear(in_features=3, out_features=1, bias=False), 3, 1))
        ), 
    loss= DAMGrepository.L1Loss(reduction='mean'), 
    optimizer= DAMGrepository.Adam(learning_rate=0.01, betas=(0.9, 0.999), eps=1e-08, weight_decay=0.0, amsgrad=False, maximize=False, capturable=False, differentiable=False, decoupled_weight_decay=False), 
    epochs= 2000
    )
",0.7945497035980225,0.024933909997344017,190.7625683741644,2.820620846003294,13036.88768537715,0.4230419619795453,0.410801573997125,,,,,,,0.9395003591667332,0.8525554047942109,0.9970654296758682
target_len_5_noisy_hierarchical_damg_kernel_13_7,bo,target_len_5,noisy_hierarchical_damg_kernel_13,7,58,"
Learner(
    model= (
        ((DAMGrepository.Linear(in_features=1, out_features=5, bias=True), 1, 5)) ; ((DAMGrepository.Linear(in_features=3, out_features=1, bias=False), 3, 1) || (DAMGrepository.Linear(in_features=1, out_features=2, bias=True), 1, 2) || (DAMGrepository.Linear(in_features=1, out_features=2, bias=True), 1, 2)) ; ((DAMGrepository.Linear(in_features=3, out_features=1, bias=False), 3, 1) || (DAMGrepository.Linear(in_features=1, out_features=2, bias=True), 1, 2) || (DAMGrepository.Linear(in_features=1, out_features=2, bias=True), 1, 2)) ; ((DAMGrepository.Linear(in_features=2, out_features=1, bias=False), 2, 1) || (DAMGrepository.Product(with_constant=-1), 3, 1)) ; ((DAMGrepository.Linear(in_features=2, out_features=1, bias=False), 2, 1))
        ), 
    loss= DAMGrepository.L1Loss(reduction='mean'), 
    optimizer= DAMGrepository.Adam(learning_rate=0.01, betas=(0.9, 0.999), eps=1e-08, weight_decay=0.0, amsgrad=False, maximize=False, capturable=False, differentiable=False, decoupled_weight_decay=False), 
    epochs= 2000
    )
","
Learner(
    model= (
        ((DAMGrepository.Linear(in_features=1, out_features=5, bias=True), 1, 5)) ; ((DAMGrepository.Sigmoid(), 1, 1) || (DAMGrepository.Sum(with_constant=0), 2, 1) || (DAMGrepository.Sum(with_constant=0), 2, 1)) ; ((DAMGrepository.ReLu(inplace=False), 2, 2) || (DAMGrepository.Linear(in_features=1, out_features=3, bias=False), 1, 3)) ; ((DAMGrepository.Sigmoid(), 1, 1) || (DAMGrepository.Linear(in_features=2, out_features=1, bias=False), 2, 1) || (DAMGrepository.Sum(with_constant=1), 2, 1)) ; ((DAMGrepository.Linear(in_features=3, out_features=1, bias=False), 3, 1))
        ), 
    loss= DAMGrepository.L1Loss(reduction='mean'), 
    optimizer= DAMGrepository.Adam(learning_rate=0.01, betas=(0.9, 0.999), eps=1e-08, weight_decay=0.0, amsgrad=False, maximize=False, capturable=False, differentiable=False, decoupled_weight_decay=False), 
    epochs= 2000
    )
",1.685703992843628,0.024933909997344017,230.30097285937518,3.262872463092208,13270.451530699618,0.4187689705642677,0.42091811351237807,,,,,,,0.9799595373516051,0.8990342405618963,0.998387864891859
target_len_5_noisy_hierarchical_damg_kernel_13_7,bo,target_len_5,noisy_hierarchical_damg_kernel_13,7,59,"
Learner(
    model= (
        ((DAMGrepository.Linear(in_features=1, out_features=5, bias=True), 1, 5)) ; ((DAMGrepository.Linear(in_features=3, out_features=2, bias=False), 3, 2) || (DAMGrepository.Sum(with_constant=0), 2, 1)) ; ((DAMGrepository.Linear(in_features=2, out_features=2, bias=False), 2, 2) || (DAMGrepository.Linear(in_features=1, out_features=3, bias=False), 1, 3)) ; ((DAMGrepository.ReLu(inplace=False), 2, 2) || (DAMGrepository.Linear(in_features=3, out_features=1, bias=False), 3, 1)) ; ((DAMGrepository.Linear(in_features=3, out_features=1, bias=False), 3, 1))
        ), 
    loss= DAMGrepository.L1Loss(reduction='mean'), 
    optimizer= DAMGrepository.Adam(learning_rate=0.01, betas=(0.9, 0.999), eps=1e-08, weight_decay=0.0, amsgrad=False, maximize=False, capturable=False, differentiable=False, decoupled_weight_decay=False), 
    epochs= 2000
    )
","
Learner(
    model= (
        ((DAMGrepository.Linear(in_features=1, out_features=5, bias=True), 1, 5)) ; ((DAMGrepository.Sigmoid(), 1, 1) || (DAMGrepository.Sum(with_constant=0), 2, 1) || (DAMGrepository.Sum(with_constant=0), 2, 1)) ; ((DAMGrepository.ReLu(inplace=False), 2, 2) || (DAMGrepository.Linear(in_features=1, out_features=3, bias=False), 1, 3)) ; ((DAMGrepository.Sigmoid(), 1, 1) || (DAMGrepository.Linear(in_features=2, out_features=1, bias=False), 2, 1) || (DAMGrepository.Sum(with_constant=1), 2, 1)) ; ((DAMGrepository.Linear(in_features=3, out_features=1, bias=False), 3, 1))
        ), 
    loss= DAMGrepository.L1Loss(reduction='mean'), 
    optimizer= DAMGrepository.Adam(learning_rate=0.01, betas=(0.9, 0.999), eps=1e-08, weight_decay=0.0, amsgrad=False, maximize=False, capturable=False, differentiable=False, decoupled_weight_decay=False), 
    epochs= 2000
    )
",4.169429779052734,0.024933909997344017,210.5797770852223,2.616066861897707,13483.647374646738,0.3769295740510792,0.3929207998022072,,,,,,,0.9477164778955062,0.8704177323103154,0.9973542696649907
target_len_5_noisy_hierarchical_damg_kernel_13_7,bo,target_len_5,noisy_hierarchical_damg_kernel_13,7,60,"
Learner(
    model= (
        ((DAMGrepository.Linear(in_features=1, out_features=5, bias=True), 1, 5)) ; ((DAMGrepository.Linear(in_features=2, out_features=4, bias=False), 2, 4) || (DAMGrepository.Linear(in_features=3, out_features=1, bias=False), 3, 1)) ; ((DAMGrepository.Product(with_constant=-1), 3, 1) || edges(2)) ; ((DAMGrepository.Linear(in_features=3, out_features=1, bias=False), 3, 1)) ; ((DAMGrepository.Sigmoid(), 1, 1))
        ), 
    loss= DAMGrepository.L1Loss(reduction='mean'), 
    optimizer= DAMGrepository.Adam(learning_rate=0.01, betas=(0.9, 0.999), eps=1e-08, weight_decay=0.0, amsgrad=False, maximize=False, capturable=False, differentiable=False, decoupled_weight_decay=False), 
    epochs= 2000
    )
","
Learner(
    model= (
        ((DAMGrepository.Linear(in_features=1, out_features=5, bias=True), 1, 5)) ; ((DAMGrepository.Sigmoid(), 1, 1) || (DAMGrepository.Sum(with_constant=0), 2, 1) || (DAMGrepository.Sum(with_constant=0), 2, 1)) ; ((DAMGrepository.ReLu(inplace=False), 2, 2) || (DAMGrepository.Linear(in_features=1, out_features=3, bias=False), 1, 3)) ; ((DAMGrepository.Sigmoid(), 1, 1) || (DAMGrepository.Linear(in_features=2, out_features=1, bias=False), 2, 1) || (DAMGrepository.Sum(with_constant=1), 2, 1)) ; ((DAMGrepository.Linear(in_features=3, out_features=1, bias=False), 3, 1))
        ), 
    loss= DAMGrepository.L1Loss(reduction='mean'), 
    optimizer= DAMGrepository.Adam(learning_rate=0.01, betas=(0.9, 0.999), eps=1e-08, weight_decay=0.0, amsgrad=False, maximize=False, capturable=False, differentiable=False, decoupled_weight_decay=False), 
    epochs= 2000
    )
",3.9022414684295654,0.024933909997344017,142.28669276367873,2.133879654109478,13628.067947064526,0.42833055240574897,0.3775192831144517,,,,,,,0.9654273466888285,0.8683229813664596,0.9977768810656611
target_len_5_noisy_hierarchical_damg_kernel_13_7,bo,target_len_5,noisy_hierarchical_damg_kernel_13,7,61,"
Learner(
    model= (
        ((DAMGrepository.Linear(in_features=1, out_features=5, bias=True), 1, 5)) ; ((DAMGrepository.Linear(in_features=1, out_features=2, bias=True), 1, 2) || (DAMGrepository.Linear(in_features=2, out_features=1, bias=False), 2, 1) || (DAMGrepository.Linear(in_features=2, out_features=1, bias=False), 2, 1)) ; ((DAMGrepository.Linear(in_features=3, out_features=2, bias=False), 3, 2) || (DAMGrepository.Sigmoid(), 1, 1)) ; ((DAMGrepository.Sigmoid(), 1, 1) || (DAMGrepository.Sigmoid(), 1, 1) || edges(1)) ; ((DAMGrepository.Product(with_constant=-1), 3, 1))
        ), 
    loss= DAMGrepository.L1Loss(reduction='mean'), 
    optimizer= DAMGrepository.Adam(learning_rate=0.01, betas=(0.9, 0.999), eps=1e-08, weight_decay=0.0, amsgrad=False, maximize=False, capturable=False, differentiable=False, decoupled_weight_decay=False), 
    epochs= 2000
    )
","
Learner(
    model= (
        ((DAMGrepository.Linear(in_features=1, out_features=5, bias=True), 1, 5)) ; ((DAMGrepository.Sigmoid(), 1, 1) || (DAMGrepository.Sum(with_constant=0), 2, 1) || (DAMGrepository.Sum(with_constant=0), 2, 1)) ; ((DAMGrepository.ReLu(inplace=False), 2, 2) || (DAMGrepository.Linear(in_features=1, out_features=3, bias=False), 1, 3)) ; ((DAMGrepository.Sigmoid(), 1, 1) || (DAMGrepository.Linear(in_features=2, out_features=1, bias=False), 2, 1) || (DAMGrepository.Sum(with_constant=1), 2, 1)) ; ((DAMGrepository.Linear(in_features=3, out_features=1, bias=False), 3, 1))
        ), 
    loss= DAMGrepository.L1Loss(reduction='mean'), 
    optimizer= DAMGrepository.Adam(learning_rate=0.01, betas=(0.9, 0.999), eps=1e-08, weight_decay=0.0, amsgrad=False, maximize=False, capturable=False, differentiable=False, decoupled_weight_decay=False), 
    epochs= 2000
    )
",4.167473793029785,0.024933909997344017,265.10869669076055,2.811974192969501,13895.988617948256,0.3109757356744352,0.35187149089950026,,,,,,,0.9653252850435947,0.8663983903420525,0.9978259998613842
target_len_5_noisy_hierarchical_damg_kernel_13_7,bo,target_len_5,noisy_hierarchical_damg_kernel_13,7,62,"
Learner(
    model= (
        ((DAMGrepository.Linear(in_features=1, out_features=5, bias=True), 1, 5)) ; ((DAMGrepository.Sum(with_constant=1), 2, 1) || (DAMGrepository.Linear(in_features=3, out_features=1, bias=False), 3, 1)) ; ((DAMGrepository.Sigmoid(), 1, 1) || (DAMGrepository.Copy(out_dimension=3), 1, 3)) ; ((DAMGrepository.Linear(in_features=1, out_features=4, bias=True), 1, 4) || (DAMGrepository.Linear(in_features=3, out_features=1, bias=False), 3, 1)) ; ((DAMGrepository.Sum(with_constant=1), 5, 1))
        ), 
    loss= DAMGrepository.L1Loss(reduction='mean'), 
    optimizer= DAMGrepository.Adam(learning_rate=0.01, betas=(0.9, 0.999), eps=1e-08, weight_decay=0.0, amsgrad=False, maximize=False, capturable=False, differentiable=False, decoupled_weight_decay=False), 
    epochs= 2000
    )
","
Learner(
    model= (
        ((DAMGrepository.Linear(in_features=1, out_features=5, bias=True), 1, 5)) ; ((DAMGrepository.Sigmoid(), 1, 1) || (DAMGrepository.Sum(with_constant=0), 2, 1) || (DAMGrepository.Sum(with_constant=0), 2, 1)) ; ((DAMGrepository.ReLu(inplace=False), 2, 2) || (DAMGrepository.Linear(in_features=1, out_features=3, bias=False), 1, 3)) ; ((DAMGrepository.Sigmoid(), 1, 1) || (DAMGrepository.Linear(in_features=2, out_features=1, bias=False), 2, 1) || (DAMGrepository.Sum(with_constant=1), 2, 1)) ; ((DAMGrepository.Linear(in_features=3, out_features=1, bias=False), 3, 1))
        ), 
    loss= DAMGrepository.L1Loss(reduction='mean'), 
    optimizer= DAMGrepository.Adam(learning_rate=0.01, betas=(0.9, 0.999), eps=1e-08, weight_decay=0.0, amsgrad=False, maximize=False, capturable=False, differentiable=False, decoupled_weight_decay=False), 
    epochs= 2000
    )
",4.169556617736816,0.024933909997344017,210.24181095324457,2.155367269180715,14108.385796170682,0.36877775875345165,0.34705483002242954,,,,,,,0.9660106759277126,0.8661971830985915,0.998099183821235
target_len_5_noisy_hierarchical_damg_kernel_13_7,bo,target_len_5,noisy_hierarchical_damg_kernel_13,7,63,"
Learner(
    model= (
        ((DAMGrepository.Linear(in_features=1, out_features=5, bias=True), 1, 5)) ; ((DAMGrepository.Copy(out_dimension=3), 1, 3) || edges(1) || (DAMGrepository.Linear(in_features=3, out_features=1, bias=False), 3, 1)) ; ((DAMGrepository.Linear(in_features=3, out_features=2, bias=False), 3, 2) || (DAMGrepository.Sigmoid(), 1, 1) || (DAMGrepository.Sigmoid(), 1, 1)) ; ((DAMGrepository.Linear(in_features=1, out_features=2, bias=True), 1, 2) || (DAMGrepository.Linear(in_features=3, out_features=1, bias=False), 3, 1)) ; ((DAMGrepository.Product(with_constant=-1), 3, 1))
        ), 
    loss= DAMGrepository.L1Loss(reduction='mean'), 
    optimizer= DAMGrepository.Adam(learning_rate=0.01, betas=(0.9, 0.999), eps=1e-08, weight_decay=0.0, amsgrad=False, maximize=False, capturable=False, differentiable=False, decoupled_weight_decay=False), 
    epochs= 2000
    )
","
Learner(
    model= (
        ((DAMGrepository.Linear(in_features=1, out_features=5, bias=True), 1, 5)) ; ((DAMGrepository.Sigmoid(), 1, 1) || (DAMGrepository.Sum(with_constant=0), 2, 1) || (DAMGrepository.Sum(with_constant=0), 2, 1)) ; ((DAMGrepository.ReLu(inplace=False), 2, 2) || (DAMGrepository.Linear(in_features=1, out_features=3, bias=False), 1, 3)) ; ((DAMGrepository.Sigmoid(), 1, 1) || (DAMGrepository.Linear(in_features=2, out_features=1, bias=False), 2, 1) || (DAMGrepository.Sum(with_constant=1), 2, 1)) ; ((DAMGrepository.Linear(in_features=3, out_features=1, bias=False), 3, 1))
        ), 
    loss= DAMGrepository.L1Loss(reduction='mean'), 
    optimizer= DAMGrepository.Adam(learning_rate=0.01, betas=(0.9, 0.999), eps=1e-08, weight_decay=0.0, amsgrad=False, maximize=False, capturable=False, differentiable=False, decoupled_weight_decay=False), 
    epochs= 2000
    )
",0.4750904440879822,0.024933909997344017,265.2100797854364,2.9221544228494167,14376.518030378968,0.34181465307982917,0.29943346654764835,,,,,,,0.9720782426261879,0.878234398782344,0.9982190895488591
target_len_5_noisy_hierarchical_damg_kernel_13_7,bo,target_len_5,noisy_hierarchical_damg_kernel_13,7,64,"
Learner(
    model= (
        ((DAMGrepository.Linear(in_features=1, out_features=5, bias=True), 1, 5)) ; ((DAMGrepository.Linear(in_features=3, out_features=1, bias=False), 3, 1) || (DAMGrepository.Linear(in_features=2, out_features=1, bias=False), 2, 1)) ; ((DAMGrepository.Sigmoid(), 1, 1) || (DAMGrepository.Linear(in_features=1, out_features=4, bias=True), 1, 4)) ; ((DAMGrepository.Product(with_constant=-1), 3, 1) || (DAMGrepository.Sum(with_constant=1), 2, 1)) ; ((DAMGrepository.Sum(with_constant=0), 2, 1))
        ), 
    loss= DAMGrepository.L1Loss(reduction='mean'), 
    optimizer= DAMGrepository.Adam(learning_rate=0.01, betas=(0.9, 0.999), eps=1e-08, weight_decay=0.0, amsgrad=False, maximize=False, capturable=False, differentiable=False, decoupled_weight_decay=False), 
    epochs= 2000
    )
","
Learner(
    model= (
        ((DAMGrepository.Linear(in_features=1, out_features=5, bias=True), 1, 5)) ; ((DAMGrepository.Sigmoid(), 1, 1) || (DAMGrepository.Sum(with_constant=0), 2, 1) || (DAMGrepository.Sum(with_constant=0), 2, 1)) ; ((DAMGrepository.ReLu(inplace=False), 2, 2) || (DAMGrepository.Linear(in_features=1, out_features=3, bias=False), 1, 3)) ; ((DAMGrepository.Sigmoid(), 1, 1) || (DAMGrepository.Linear(in_features=2, out_features=1, bias=False), 2, 1) || (DAMGrepository.Sum(with_constant=1), 2, 1)) ; ((DAMGrepository.Linear(in_features=3, out_features=1, bias=False), 3, 1))
        ), 
    loss= DAMGrepository.L1Loss(reduction='mean'), 
    optimizer= DAMGrepository.Adam(learning_rate=0.01, betas=(0.9, 0.999), eps=1e-08, weight_decay=0.0, amsgrad=False, maximize=False, capturable=False, differentiable=False, decoupled_weight_decay=False), 
    epochs= 2000
    )
",0.26585009694099426,0.024933909997344017,170.42824300192297,2.190565728582442,14549.136839109473,0.2781563035299983,0.32591679137630347,,,,,,,0.9766901147723065,0.887449092928545,0.9985336008582836
target_len_5_noisy_hierarchical_damg_kernel_13_7,bo,target_len_5,noisy_hierarchical_damg_kernel_13,7,65,"
Learner(
    model= (
        ((DAMGrepository.Sigmoid(), 1, 1)) ; ((DAMGrepository.Linear(in_features=1, out_features=5, bias=True), 1, 5)) ; ((DAMGrepository.Linear(in_features=3, out_features=4, bias=False), 3, 4) || (DAMGrepository.Linear(in_features=2, out_features=1, bias=False), 2, 1)) ; ((DAMGrepository.Linear(in_features=3, out_features=2, bias=False), 3, 2) || (DAMGrepository.Linear(in_features=2, out_features=1, bias=False), 2, 1)) ; ((DAMGrepository.Linear(in_features=3, out_features=1, bias=False), 3, 1))
        ), 
    loss= DAMGrepository.L1Loss(reduction='mean'), 
    optimizer= DAMGrepository.Adam(learning_rate=0.01, betas=(0.9, 0.999), eps=1e-08, weight_decay=0.0, amsgrad=False, maximize=False, capturable=False, differentiable=False, decoupled_weight_decay=False), 
    epochs= 2000
    )
","
Learner(
    model= (
        ((DAMGrepository.Linear(in_features=1, out_features=5, bias=True), 1, 5)) ; ((DAMGrepository.Sigmoid(), 1, 1) || (DAMGrepository.Sum(with_constant=0), 2, 1) || (DAMGrepository.Sum(with_constant=0), 2, 1)) ; ((DAMGrepository.ReLu(inplace=False), 2, 2) || (DAMGrepository.Linear(in_features=1, out_features=3, bias=False), 1, 3)) ; ((DAMGrepository.Sigmoid(), 1, 1) || (DAMGrepository.Linear(in_features=2, out_features=1, bias=False), 2, 1) || (DAMGrepository.Sum(with_constant=1), 2, 1)) ; ((DAMGrepository.Linear(in_features=3, out_features=1, bias=False), 3, 1))
        ), 
    loss= DAMGrepository.L1Loss(reduction='mean'), 
    optimizer= DAMGrepository.Adam(learning_rate=0.01, betas=(0.9, 0.999), eps=1e-08, weight_decay=0.0, amsgrad=False, maximize=False, capturable=False, differentiable=False, decoupled_weight_decay=False), 
    epochs= 2000
    )
",4.17038631439209,0.024933909997344017,158.82897279970348,2.3161547696217895,14710.281966678798,0.40292347464789674,0.3712292700959289,,,,,,,0.9821052631578947,0.9041441441441442,0.9987578825023924
target_len_5_noisy_hierarchical_damg_kernel_13_7,bo,target_len_5,noisy_hierarchical_damg_kernel_13,7,66,"
Learner(
    model= (
        ((DAMGrepository.Linear(in_features=1, out_features=5, bias=True), 1, 5)) ; ((DAMGrepository.Linear(in_features=2, out_features=3, bias=False), 2, 3) || (DAMGrepository.Linear(in_features=2, out_features=1, bias=False), 2, 1) || (DAMGrepository.Sigmoid(), 1, 1)) ; ((DAMGrepository.Linear(in_features=2, out_features=4, bias=True), 2, 4) || (DAMGrepository.Linear(in_features=3, out_features=1, bias=False), 3, 1)) ; (edges(1) || (DAMGrepository.Linear(in_features=3, out_features=1, bias=False), 3, 1) || (DAMGrepository.Sigmoid(), 1, 1)) ; ((DAMGrepository.Product(with_constant=-1), 3, 1))
        ), 
    loss= DAMGrepository.L1Loss(reduction='mean'), 
    optimizer= DAMGrepository.Adam(learning_rate=0.01, betas=(0.9, 0.999), eps=1e-08, weight_decay=0.0, amsgrad=False, maximize=False, capturable=False, differentiable=False, decoupled_weight_decay=False), 
    epochs= 2000
    )
","
Learner(
    model= (
        ((DAMGrepository.Linear(in_features=1, out_features=5, bias=True), 1, 5)) ; ((DAMGrepository.Sigmoid(), 1, 1) || (DAMGrepository.Sum(with_constant=0), 2, 1) || (DAMGrepository.Sum(with_constant=0), 2, 1)) ; ((DAMGrepository.ReLu(inplace=False), 2, 2) || (DAMGrepository.Linear(in_features=1, out_features=3, bias=False), 1, 3)) ; ((DAMGrepository.Sigmoid(), 1, 1) || (DAMGrepository.Linear(in_features=2, out_features=1, bias=False), 2, 1) || (DAMGrepository.Sum(with_constant=1), 2, 1)) ; ((DAMGrepository.Linear(in_features=3, out_features=1, bias=False), 3, 1))
        ), 
    loss= DAMGrepository.L1Loss(reduction='mean'), 
    optimizer= DAMGrepository.Adam(learning_rate=0.01, betas=(0.9, 0.999), eps=1e-08, weight_decay=0.0, amsgrad=False, maximize=False, capturable=False, differentiable=False, decoupled_weight_decay=False), 
    epochs= 2000
    )
",0.8125888109207153,0.024933909997344017,296.9517334550619,3.0713357366621494,15010.305035870522,0.3291397898841813,0.3216129218340177,,,,,,,0.9785099111414901,0.8947368421052632,0.9986800833771464
target_len_5_noisy_hierarchical_damg_kernel_13_7,bo,target_len_5,noisy_hierarchical_damg_kernel_13,7,67,"
Learner(
    model= (
        ((DAMGrepository.Linear(in_features=1, out_features=4, bias=True), 1, 4)) ; ((DAMGrepository.Sum(with_constant=1), 2, 1) || (DAMGrepository.Sum(with_constant=1), 2, 1)) ; ((DAMGrepository.Linear(in_features=2, out_features=4, bias=False), 2, 4)) ; ((DAMGrepository.Linear(in_features=2, out_features=1, bias=False), 2, 1) || (DAMGrepository.Linear(in_features=2, out_features=1, bias=False), 2, 1)) ; ((DAMGrepository.Sum(with_constant=0), 2, 1))
        ), 
    loss= DAMGrepository.L1Loss(reduction='mean'), 
    optimizer= DAMGrepository.Adam(learning_rate=0.01, betas=(0.9, 0.999), eps=1e-08, weight_decay=0.0, amsgrad=False, maximize=False, capturable=False, differentiable=False, decoupled_weight_decay=False), 
    epochs= 2000
    )
","
Learner(
    model= (
        ((DAMGrepository.Linear(in_features=1, out_features=5, bias=True), 1, 5)) ; ((DAMGrepository.Sigmoid(), 1, 1) || (DAMGrepository.Sum(with_constant=0), 2, 1) || (DAMGrepository.Sum(with_constant=0), 2, 1)) ; ((DAMGrepository.ReLu(inplace=False), 2, 2) || (DAMGrepository.Linear(in_features=1, out_features=3, bias=False), 1, 3)) ; ((DAMGrepository.Sigmoid(), 1, 1) || (DAMGrepository.Linear(in_features=2, out_features=1, bias=False), 2, 1) || (DAMGrepository.Sum(with_constant=1), 2, 1)) ; ((DAMGrepository.Linear(in_features=3, out_features=1, bias=False), 3, 1))
        ), 
    loss= DAMGrepository.L1Loss(reduction='mean'), 
    optimizer= DAMGrepository.Adam(learning_rate=0.01, betas=(0.9, 0.999), eps=1e-08, weight_decay=0.0, amsgrad=False, maximize=False, capturable=False, differentiable=False, decoupled_weight_decay=False), 
    epochs= 2000
    )
",4.168150901794434,0.024933909997344017,180.63207825552672,2.137868108227849,15193.074982234277,0.4985375832851945,0.5740039535197851,,,,,,,0.9803880330196119,0.9002050580997948,0.9988039919082172
target_len_5_noisy_hierarchical_damg_kernel_13_7,bo,target_len_5,noisy_hierarchical_damg_kernel_13,7,68,"
Learner(
    model= (
        ((DAMGrepository.Linear(in_features=1, out_features=5, bias=True), 1, 5)) ; ((DAMGrepository.Linear(in_features=2, out_features=1, bias=False), 2, 1) || (DAMGrepository.Linear(in_features=3, out_features=2, bias=False), 3, 2)) ; ((DAMGrepository.Sum(with_constant=0), 2, 1) || (DAMGrepository.Copy(out_dimension=3), 1, 3)) ; ((DAMGrepository.Linear(in_features=2, out_features=2, bias=False), 2, 2) || (DAMGrepository.Linear(in_features=2, out_features=1, bias=False), 2, 1)) ; ((DAMGrepository.Linear(in_features=3, out_features=1, bias=False), 3, 1))
        ), 
    loss= DAMGrepository.L1Loss(reduction='mean'), 
    optimizer= DAMGrepository.Adam(learning_rate=0.01, betas=(0.9, 0.999), eps=1e-08, weight_decay=0.0, amsgrad=False, maximize=False, capturable=False, differentiable=False, decoupled_weight_decay=False), 
    epochs= 2000
    )
","
Learner(
    model= (
        ((DAMGrepository.Linear(in_features=1, out_features=5, bias=True), 1, 5)) ; ((DAMGrepository.Sigmoid(), 1, 1) || (DAMGrepository.Sum(with_constant=0), 2, 1) || (DAMGrepository.Sum(with_constant=0), 2, 1)) ; ((DAMGrepository.ReLu(inplace=False), 2, 2) || (DAMGrepository.Linear(in_features=1, out_features=3, bias=False), 1, 3)) ; ((DAMGrepository.Sigmoid(), 1, 1) || (DAMGrepository.Linear(in_features=2, out_features=1, bias=False), 2, 1) || (DAMGrepository.Sum(with_constant=1), 2, 1)) ; ((DAMGrepository.Linear(in_features=3, out_features=1, bias=False), 3, 1))
        ), 
    loss= DAMGrepository.L1Loss(reduction='mean'), 
    optimizer= DAMGrepository.Adam(learning_rate=0.01, betas=(0.9, 0.999), eps=1e-08, weight_decay=0.0, amsgrad=False, maximize=False, capturable=False, differentiable=False, decoupled_weight_decay=False), 
    epochs= 2000
    )
",4.173271656036377,0.024933909997344017,175.75891854520887,2.615303361788392,15371.449204141274,0.36006556175665005,0.3852750153649339,,,,,,,0.9691953616004247,0.8827838827838828,0.998532006237545
target_len_5_noisy_hierarchical_damg_kernel_13_7,bo,target_len_5,noisy_hierarchical_damg_kernel_13,7,69,"
Learner(
    model= (
        ((DAMGrepository.Linear(in_features=1, out_features=5, bias=True), 1, 5)) ; ((DAMGrepository.Linear(in_features=3, out_features=1, bias=False), 3, 1) || (DAMGrepository.Linear(in_features=2, out_features=1, bias=False), 2, 1)) ; ((DAMGrepository.Linear(in_features=2, out_features=4, bias=False), 2, 4)) ; ((DAMGrepository.Sum(with_constant=0), 2, 1) || (DAMGrepository.ReLu(inplace=False), 2, 2)) ; ((DAMGrepository.Product(with_constant=-1), 3, 1))
        ), 
    loss= DAMGrepository.L1Loss(reduction='mean'), 
    optimizer= DAMGrepository.Adam(learning_rate=0.01, betas=(0.9, 0.999), eps=1e-08, weight_decay=0.0, amsgrad=False, maximize=False, capturable=False, differentiable=False, decoupled_weight_decay=False), 
    epochs= 2000
    )
","
Learner(
    model= (
        ((DAMGrepository.Linear(in_features=1, out_features=5, bias=True), 1, 5)) ; ((DAMGrepository.Sigmoid(), 1, 1) || (DAMGrepository.Sum(with_constant=0), 2, 1) || (DAMGrepository.Sum(with_constant=0), 2, 1)) ; ((DAMGrepository.ReLu(inplace=False), 2, 2) || (DAMGrepository.Linear(in_features=1, out_features=3, bias=False), 1, 3)) ; ((DAMGrepository.Sigmoid(), 1, 1) || (DAMGrepository.Linear(in_features=2, out_features=1, bias=False), 2, 1) || (DAMGrepository.Sum(with_constant=1), 2, 1)) ; ((DAMGrepository.Linear(in_features=3, out_features=1, bias=False), 3, 1))
        ), 
    loss= DAMGrepository.L1Loss(reduction='mean'), 
    optimizer= DAMGrepository.Adam(learning_rate=0.01, betas=(0.9, 0.999), eps=1e-08, weight_decay=0.0, amsgrad=False, maximize=False, capturable=False, differentiable=False, decoupled_weight_decay=False), 
    epochs= 2000
    )
",4.1674723625183105,0.024933909997344017,182.6544679859653,2.3809695467352867,15556.484641673975,0.36920970626954197,0.4096101715803829,,,,,,,0.9750243427458617,0.8883479389808504,0.9985713984528998
target_len_5_noisy_hierarchical_damg_kernel_13_7,bo,target_len_5,noisy_hierarchical_damg_kernel_13,7,70,"
Learner(
    model= (
        ((DAMGrepository.Linear(in_features=1, out_features=5, bias=True), 1, 5)) ; ((DAMGrepository.Linear(in_features=3, out_features=2, bias=False), 3, 2) || (DAMGrepository.Sigmoid(), 1, 1) || (DAMGrepository.Linear(in_features=1, out_features=2, bias=True), 1, 2)) ; (edges(2) || (DAMGrepository.Product(with_constant=-1), 3, 1)) ; ((DAMGrepository.Linear(in_features=2, out_features=1, bias=False), 2, 1) || (DAMGrepository.Sigmoid(), 1, 1)) ; ((DAMGrepository.Sum(with_constant=0), 2, 1))
        ), 
    loss= DAMGrepository.L1Loss(reduction='mean'), 
    optimizer= DAMGrepository.Adam(learning_rate=0.01, betas=(0.9, 0.999), eps=1e-08, weight_decay=0.0, amsgrad=False, maximize=False, capturable=False, differentiable=False, decoupled_weight_decay=False), 
    epochs= 2000
    )
","
Learner(
    model= (
        ((DAMGrepository.Linear(in_features=1, out_features=5, bias=True), 1, 5)) ; ((DAMGrepository.Sigmoid(), 1, 1) || (DAMGrepository.Sum(with_constant=0), 2, 1) || (DAMGrepository.Sum(with_constant=0), 2, 1)) ; ((DAMGrepository.ReLu(inplace=False), 2, 2) || (DAMGrepository.Linear(in_features=1, out_features=3, bias=False), 1, 3)) ; ((DAMGrepository.Sigmoid(), 1, 1) || (DAMGrepository.Linear(in_features=2, out_features=1, bias=False), 2, 1) || (DAMGrepository.Sum(with_constant=1), 2, 1)) ; ((DAMGrepository.Linear(in_features=3, out_features=1, bias=False), 3, 1))
        ), 
    loss= DAMGrepository.L1Loss(reduction='mean'), 
    optimizer= DAMGrepository.Adam(learning_rate=0.01, betas=(0.9, 0.999), eps=1e-08, weight_decay=0.0, amsgrad=False, maximize=False, capturable=False, differentiable=False, decoupled_weight_decay=False), 
    epochs= 2000
    )
",3.690506935119629,0.024933909997344017,184.2398668276146,2.698162560351193,15743.42267106194,0.2772630377501756,0.33814877701728174,,,,,,,0.9763713080168778,0.8898734177215188,0.9987034075548711
target_len_5_noisy_hierarchical_damg_kernel_13_7,bo,target_len_5,noisy_hierarchical_damg_kernel_13,7,71,"
Learner(
    model= (
        ((DAMGrepository.Linear(in_features=1, out_features=5, bias=True), 1, 5)) ; ((DAMGrepository.Linear(in_features=3, out_features=1, bias=False), 3, 1) || (DAMGrepository.Linear(in_features=2, out_features=1, bias=False), 2, 1)) ; ((DAMGrepository.Linear(in_features=1, out_features=2, bias=True), 1, 2) || (DAMGrepository.Linear(in_features=1, out_features=2, bias=True), 1, 2)) ; ((DAMGrepository.Linear(in_features=3, out_features=2, bias=False), 3, 2) || (DAMGrepository.Sigmoid(), 1, 1)) ; ((DAMGrepository.Linear(in_features=3, out_features=1, bias=False), 3, 1))
        ), 
    loss= DAMGrepository.L1Loss(reduction='mean'), 
    optimizer= DAMGrepository.Adam(learning_rate=0.01, betas=(0.9, 0.999), eps=1e-08, weight_decay=0.0, amsgrad=False, maximize=False, capturable=False, differentiable=False, decoupled_weight_decay=False), 
    epochs= 2000
    )
","
Learner(
    model= (
        ((DAMGrepository.Linear(in_features=1, out_features=5, bias=True), 1, 5)) ; ((DAMGrepository.Sigmoid(), 1, 1) || (DAMGrepository.Sum(with_constant=0), 2, 1) || (DAMGrepository.Sum(with_constant=0), 2, 1)) ; ((DAMGrepository.ReLu(inplace=False), 2, 2) || (DAMGrepository.Linear(in_features=1, out_features=3, bias=False), 1, 3)) ; ((DAMGrepository.Sigmoid(), 1, 1) || (DAMGrepository.Linear(in_features=2, out_features=1, bias=False), 2, 1) || (DAMGrepository.Sum(with_constant=1), 2, 1)) ; ((DAMGrepository.Linear(in_features=3, out_features=1, bias=False), 3, 1))
        ), 
    loss= DAMGrepository.L1Loss(reduction='mean'), 
    optimizer= DAMGrepository.Adam(learning_rate=0.01, betas=(0.9, 0.999), eps=1e-08, weight_decay=0.0, amsgrad=False, maximize=False, capturable=False, differentiable=False, decoupled_weight_decay=False), 
    epochs= 2000
    )
",1.9732251167297363,0.024933909997344017,179.7226718449965,2.8527867812663317,15925.998129688203,0.36051350982767544,0.34094461819749766,,,,,,,0.9789972899728997,0.8950617283950617,0.998833655178996
target_len_5_noisy_hierarchical_damg_kernel_13_7,bo,target_len_5,noisy_hierarchical_damg_kernel_13,7,72,"
Learner(
    model= (
        ((DAMGrepository.Linear(in_features=1, out_features=5, bias=True), 1, 5)) ; ((DAMGrepository.Linear(in_features=2, out_features=3, bias=False), 2, 3) || (DAMGrepository.Sum(with_constant=1), 2, 1) || (DAMGrepository.Sigmoid(), 1, 1)) ; ((DAMGrepository.Linear(in_features=2, out_features=3, bias=False), 2, 3) || (DAMGrepository.Sum(with_constant=1), 2, 1) || edges(1)) ; ((DAMGrepository.Linear(in_features=3, out_features=1, bias=False), 3, 1) || (DAMGrepository.ReLu(inplace=False), 2, 2)) ; ((DAMGrepository.Linear(in_features=3, out_features=1, bias=False), 3, 1))
        ), 
    loss= DAMGrepository.L1Loss(reduction='mean'), 
    optimizer= DAMGrepository.Adam(learning_rate=0.01, betas=(0.9, 0.999), eps=1e-08, weight_decay=0.0, amsgrad=False, maximize=False, capturable=False, differentiable=False, decoupled_weight_decay=False), 
    epochs= 2000
    )
","
Learner(
    model= (
        ((DAMGrepository.Linear(in_features=1, out_features=5, bias=True), 1, 5)) ; ((DAMGrepository.Sigmoid(), 1, 1) || (DAMGrepository.Sum(with_constant=0), 2, 1) || (DAMGrepository.Sum(with_constant=0), 2, 1)) ; ((DAMGrepository.ReLu(inplace=False), 2, 2) || (DAMGrepository.Linear(in_features=1, out_features=3, bias=False), 1, 3)) ; ((DAMGrepository.Sigmoid(), 1, 1) || (DAMGrepository.Linear(in_features=2, out_features=1, bias=False), 2, 1) || (DAMGrepository.Sum(with_constant=1), 2, 1)) ; ((DAMGrepository.Linear(in_features=3, out_features=1, bias=False), 3, 1))
        ), 
    loss= DAMGrepository.L1Loss(reduction='mean'), 
    optimizer= DAMGrepository.Adam(learning_rate=0.01, betas=(0.9, 0.999), eps=1e-08, weight_decay=0.0, amsgrad=False, maximize=False, capturable=False, differentiable=False, decoupled_weight_decay=False), 
    epochs= 2000
    )
",2.06420636177063,0.024933909997344017,253.65944850444794,2.8269719388335943,16182.484550131485,0.30932131057778484,0.37475411717961926,,,,,,,0.9839139756859416,0.9102679915688047,0.999105150157711
target_len_5_noisy_hierarchical_damg_kernel_13_7,bo,target_len_5,noisy_hierarchical_damg_kernel_13,7,73,"
Learner(
    model= (
        ((DAMGrepository.Linear(in_features=1, out_features=5, bias=True), 1, 5)) ; ((DAMGrepository.Sigmoid(), 3, 3) || (DAMGrepository.Sum(with_constant=1), 2, 1)) ; ((DAMGrepository.Linear(in_features=1, out_features=4, bias=True), 1, 4) || (DAMGrepository.Linear(in_features=3, out_features=1, bias=False), 3, 1)) ; ((DAMGrepository.Linear(in_features=2, out_features=2, bias=False), 2, 2) || (DAMGrepository.Product(with_constant=-1), 3, 1)) ; ((DAMGrepository.Product(with_constant=-1), 3, 1))
        ), 
    loss= DAMGrepository.L1Loss(reduction='mean'), 
    optimizer= DAMGrepository.Adam(learning_rate=0.01, betas=(0.9, 0.999), eps=1e-08, weight_decay=0.0, amsgrad=False, maximize=False, capturable=False, differentiable=False, decoupled_weight_decay=False), 
    epochs= 2000
    )
","
Learner(
    model= (
        ((DAMGrepository.Linear(in_features=1, out_features=5, bias=True), 1, 5)) ; ((DAMGrepository.Sigmoid(), 1, 1) || (DAMGrepository.Sum(with_constant=0), 2, 1) || (DAMGrepository.Sum(with_constant=0), 2, 1)) ; ((DAMGrepository.ReLu(inplace=False), 2, 2) || (DAMGrepository.Linear(in_features=1, out_features=3, bias=False), 1, 3)) ; ((DAMGrepository.Sigmoid(), 1, 1) || (DAMGrepository.Linear(in_features=2, out_features=1, bias=False), 2, 1) || (DAMGrepository.Sum(with_constant=1), 2, 1)) ; ((DAMGrepository.Linear(in_features=3, out_features=1, bias=False), 3, 1))
        ), 
    loss= DAMGrepository.L1Loss(reduction='mean'), 
    optimizer= DAMGrepository.Adam(learning_rate=0.01, betas=(0.9, 0.999), eps=1e-08, weight_decay=0.0, amsgrad=False, maximize=False, capturable=False, differentiable=False, decoupled_weight_decay=False), 
    epochs= 2000
    )
",0.4187505543231964,0.024933909997344017,180.2188124395907,2.6559643587097526,16365.359326929785,0.424663746270258,0.33810528674252627,,,,,,,0.9804584190420216,0.9071407581545694,0.9990250318611366
target_len_5_noisy_hierarchical_damg_kernel_13_7,bo,target_len_5,noisy_hierarchical_damg_kernel_13,7,74,"
Learner(
    model= (
        ((DAMGrepository.Linear(in_features=1, out_features=5, bias=True), 1, 5)) ; ((DAMGrepository.Copy(out_dimension=3), 1, 3) || (DAMGrepository.Sum(with_constant=0), 4, 1)) ; ((DAMGrepository.Linear(in_features=1, out_features=2, bias=True), 1, 2) || (DAMGrepository.Linear(in_features=3, out_features=1, bias=False), 3, 1)) ; ((DAMGrepository.Linear(in_features=2, out_features=1, bias=False), 2, 1) || (DAMGrepository.Sigmoid(), 1, 1)) ; ((DAMGrepository.Linear(in_features=2, out_features=1, bias=False), 2, 1))
        ), 
    loss= DAMGrepository.L1Loss(reduction='mean'), 
    optimizer= DAMGrepository.Adam(learning_rate=0.01, betas=(0.9, 0.999), eps=1e-08, weight_decay=0.0, amsgrad=False, maximize=False, capturable=False, differentiable=False, decoupled_weight_decay=False), 
    epochs= 2000
    )
","
Learner(
    model= (
        ((DAMGrepository.Linear(in_features=1, out_features=5, bias=True), 1, 5)) ; ((DAMGrepository.Sigmoid(), 1, 1) || (DAMGrepository.Sum(with_constant=0), 2, 1) || (DAMGrepository.Sum(with_constant=0), 2, 1)) ; ((DAMGrepository.ReLu(inplace=False), 2, 2) || (DAMGrepository.Linear(in_features=1, out_features=3, bias=False), 1, 3)) ; ((DAMGrepository.Sigmoid(), 1, 1) || (DAMGrepository.Linear(in_features=2, out_features=1, bias=False), 2, 1) || (DAMGrepository.Sum(with_constant=1), 2, 1)) ; ((DAMGrepository.Linear(in_features=3, out_features=1, bias=False), 3, 1))
        ), 
    loss= DAMGrepository.L1Loss(reduction='mean'), 
    optimizer= DAMGrepository.Adam(learning_rate=0.01, betas=(0.9, 0.999), eps=1e-08, weight_decay=0.0, amsgrad=False, maximize=False, capturable=False, differentiable=False, decoupled_weight_decay=False), 
    epochs= 2000
    )
",4.169721603393555,0.024933909997344017,272.48185384552926,2.207141009159386,16640.048321784474,0.3420114911191052,0.3392971822979913,,,,,,,0.9874658297053761,0.9231210556511762,0.9992572176233824
target_len_5_noisy_hierarchical_damg_kernel_13_7,bo,target_len_5,noisy_hierarchical_damg_kernel_13,7,75,"
Learner(
    model= (
        ((DAMGrepository.Linear(in_features=1, out_features=5, bias=False), 1, 5)) ; ((DAMGrepository.Sum(with_constant=1), 2, 1) || (DAMGrepository.Linear(in_features=3, out_features=1, bias=False), 3, 1)) ; ((DAMGrepository.Linear(in_features=1, out_features=2, bias=True), 1, 2) || (DAMGrepository.Copy(out_dimension=3), 1, 3)) ; ((DAMGrepository.Linear(in_features=2, out_features=2, bias=False), 2, 2) || (DAMGrepository.Linear(in_features=3, out_features=2, bias=False), 3, 2)) ; ((DAMGrepository.Sum(with_constant=-1), 4, 1))
        ), 
    loss= DAMGrepository.L1Loss(reduction='mean'), 
    optimizer= DAMGrepository.Adam(learning_rate=0.01, betas=(0.9, 0.999), eps=1e-08, weight_decay=0.0, amsgrad=False, maximize=False, capturable=False, differentiable=False, decoupled_weight_decay=False), 
    epochs= 2000
    )
","
Learner(
    model= (
        ((DAMGrepository.Linear(in_features=1, out_features=5, bias=True), 1, 5)) ; ((DAMGrepository.Sigmoid(), 1, 1) || (DAMGrepository.Sum(with_constant=0), 2, 1) || (DAMGrepository.Sum(with_constant=0), 2, 1)) ; ((DAMGrepository.ReLu(inplace=False), 2, 2) || (DAMGrepository.Linear(in_features=1, out_features=3, bias=False), 1, 3)) ; ((DAMGrepository.Sigmoid(), 1, 1) || (DAMGrepository.Linear(in_features=2, out_features=1, bias=False), 2, 1) || (DAMGrepository.Sum(with_constant=1), 2, 1)) ; ((DAMGrepository.Linear(in_features=3, out_features=1, bias=False), 3, 1))
        ), 
    loss= DAMGrepository.L1Loss(reduction='mean'), 
    optimizer= DAMGrepository.Adam(learning_rate=0.01, betas=(0.9, 0.999), eps=1e-08, weight_decay=0.0, amsgrad=False, maximize=False, capturable=False, differentiable=False, decoupled_weight_decay=False), 
    epochs= 2000
    )
",4.170854091644287,0.024933909997344017,259.70059303659946,2.5595480520278215,16902.3084628731,0.37912527449601335,0.3851074388446254,,,,,,,0.9877076411960133,0.9243697478991597,0.9992137526215298
target_len_5_noisy_hierarchical_damg_kernel_13_7,bo,target_len_5,noisy_hierarchical_damg_kernel_13,7,76,"
Learner(
    model= (
        ((DAMGrepository.Linear(in_features=1, out_features=3, bias=False), 1, 3)) ; ((DAMGrepository.Linear(in_features=2, out_features=3, bias=False), 2, 3) || (DAMGrepository.Linear(in_features=1, out_features=2, bias=True), 1, 2)) ; ((DAMGrepository.Sigmoid(), 1, 1) || (DAMGrepository.Linear(in_features=3, out_features=1, bias=False), 3, 1) || (DAMGrepository.Linear(in_features=1, out_features=2, bias=True), 1, 2)) ; ((DAMGrepository.Linear(in_features=3, out_features=2, bias=False), 3, 2) || (DAMGrepository.Sigmoid(), 1, 1)) ; ((DAMGrepository.Product(with_constant=-1), 3, 1))
        ), 
    loss= DAMGrepository.L1Loss(reduction='mean'), 
    optimizer= DAMGrepository.Adam(learning_rate=0.01, betas=(0.9, 0.999), eps=1e-08, weight_decay=0.0, amsgrad=False, maximize=False, capturable=False, differentiable=False, decoupled_weight_decay=False), 
    epochs= 2000
    )
","
Learner(
    model= (
        ((DAMGrepository.Linear(in_features=1, out_features=5, bias=True), 1, 5)) ; ((DAMGrepository.Sigmoid(), 1, 1) || (DAMGrepository.Sum(with_constant=0), 2, 1) || (DAMGrepository.Sum(with_constant=0), 2, 1)) ; ((DAMGrepository.ReLu(inplace=False), 2, 2) || (DAMGrepository.Linear(in_features=1, out_features=3, bias=False), 1, 3)) ; ((DAMGrepository.Sigmoid(), 1, 1) || (DAMGrepository.Linear(in_features=2, out_features=1, bias=False), 2, 1) || (DAMGrepository.Sum(with_constant=1), 2, 1)) ; ((DAMGrepository.Linear(in_features=3, out_features=1, bias=False), 3, 1))
        ), 
    loss= DAMGrepository.L1Loss(reduction='mean'), 
    optimizer= DAMGrepository.Adam(learning_rate=0.01, betas=(0.9, 0.999), eps=1e-08, weight_decay=0.0, amsgrad=False, maximize=False, capturable=False, differentiable=False, decoupled_weight_decay=False), 
    epochs= 2000
    )
",0.6585302948951721,0.024933909997344017,196.18855832796544,2.9512731535360217,17101.448294354603,0.3921840051207506,0.3307094343477167,,,,,,,0.9766404075663945,0.9025991792065663,0.9989354411415258
target_len_5_noisy_hierarchical_damg_kernel_13_7,bo,target_len_5,noisy_hierarchical_damg_kernel_13,7,77,"
Learner(
    model= (
        ((DAMGrepository.Linear(in_features=1, out_features=5, bias=True), 1, 5)) ; ((DAMGrepository.Linear(in_features=2, out_features=2, bias=False), 2, 2) || (DAMGrepository.Linear(in_features=3, out_features=1, bias=False), 3, 1)) ; ((DAMGrepository.Linear(in_features=2, out_features=4, bias=False), 2, 4) || edges(1)) ; ((DAMGrepository.Linear(in_features=3, out_features=1, bias=False), 3, 1) || (DAMGrepository.Product(with_constant=1), 2, 1)) ; ((DAMGrepository.Sum(with_constant=0), 2, 1))
        ), 
    loss= DAMGrepository.L1Loss(reduction='mean'), 
    optimizer= DAMGrepository.Adam(learning_rate=0.01, betas=(0.9, 0.999), eps=1e-08, weight_decay=0.0, amsgrad=False, maximize=False, capturable=False, differentiable=False, decoupled_weight_decay=False), 
    epochs= 2000
    )
","
Learner(
    model= (
        ((DAMGrepository.Linear(in_features=1, out_features=5, bias=True), 1, 5)) ; ((DAMGrepository.Sigmoid(), 1, 1) || (DAMGrepository.Sum(with_constant=0), 2, 1) || (DAMGrepository.Sum(with_constant=0), 2, 1)) ; ((DAMGrepository.ReLu(inplace=False), 2, 2) || (DAMGrepository.Linear(in_features=1, out_features=3, bias=False), 1, 3)) ; ((DAMGrepository.Sigmoid(), 1, 1) || (DAMGrepository.Linear(in_features=2, out_features=1, bias=False), 2, 1) || (DAMGrepository.Sum(with_constant=1), 2, 1)) ; ((DAMGrepository.Linear(in_features=3, out_features=1, bias=False), 3, 1))
        ), 
    loss= DAMGrepository.L1Loss(reduction='mean'), 
    optimizer= DAMGrepository.Adam(learning_rate=0.01, betas=(0.9, 0.999), eps=1e-08, weight_decay=0.0, amsgrad=False, maximize=False, capturable=False, differentiable=False, decoupled_weight_decay=False), 
    epochs= 2000
    )
",1.7126635313034058,0.024933909997344017,188.49421759229153,2.546067821793258,17292.488579768687,0.34631438621823185,0.3664545218413366,,,,,,,0.9879893562732376,0.9272921678695535,0.999314073371882
target_len_5_noisy_hierarchical_damg_kernel_13_7,bo,target_len_5,noisy_hierarchical_damg_kernel_13,7,78,"
Learner(
    model= (
        ((DAMGrepository.Linear(in_features=1, out_features=5, bias=True), 1, 5)) ; ((DAMGrepository.Linear(in_features=2, out_features=1, bias=False), 2, 1) || (DAMGrepository.Linear(in_features=3, out_features=2, bias=False), 3, 2)) ; ((DAMGrepository.ReLu(inplace=False), 2, 2) || (DAMGrepository.Sigmoid(), 1, 1)) ; ((DAMGrepository.Linear(in_features=2, out_features=4, bias=False), 2, 4) || (DAMGrepository.Sigmoid(), 1, 1)) ; ((DAMGrepository.Linear(in_features=5, out_features=1, bias=True), 5, 1))
        ), 
    loss= DAMGrepository.L1Loss(reduction='mean'), 
    optimizer= DAMGrepository.Adam(learning_rate=0.01, betas=(0.9, 0.999), eps=1e-08, weight_decay=0.0, amsgrad=False, maximize=False, capturable=False, differentiable=False, decoupled_weight_decay=False), 
    epochs= 2000
    )
","
Learner(
    model= (
        ((DAMGrepository.Linear(in_features=1, out_features=5, bias=True), 1, 5)) ; ((DAMGrepository.Sigmoid(), 1, 1) || (DAMGrepository.Sum(with_constant=0), 2, 1) || (DAMGrepository.Sum(with_constant=0), 2, 1)) ; ((DAMGrepository.ReLu(inplace=False), 2, 2) || (DAMGrepository.Linear(in_features=1, out_features=3, bias=False), 1, 3)) ; ((DAMGrepository.Sigmoid(), 1, 1) || (DAMGrepository.Linear(in_features=2, out_features=1, bias=False), 2, 1) || (DAMGrepository.Sum(with_constant=1), 2, 1)) ; ((DAMGrepository.Linear(in_features=3, out_features=1, bias=False), 3, 1))
        ), 
    loss= DAMGrepository.L1Loss(reduction='mean'), 
    optimizer= DAMGrepository.Adam(learning_rate=0.01, betas=(0.9, 0.999), eps=1e-08, weight_decay=0.0, amsgrad=False, maximize=False, capturable=False, differentiable=False, decoupled_weight_decay=False), 
    epochs= 2000
    )
",0.4784151017665863,0.024933909997344017,213.42352485377342,2.5510137006640434,17508.463118323125,0.3229598887003066,0.32499170654766785,,,,,,,0.9527491106336516,0.8996865203761756,0.9984592530095381
target_len_5_noisy_hierarchical_damg_kernel_13_7,bo,target_len_5,noisy_hierarchical_damg_kernel_13,7,79,"
Learner(
    model= (
        ((DAMGrepository.Linear(in_features=1, out_features=5, bias=True), 1, 5)) ; ((DAMGrepository.ReLu(inplace=False), 2, 2) || (DAMGrepository.Linear(in_features=3, out_features=1, bias=False), 3, 1)) ; ((DAMGrepository.Sum(with_constant=1), 2, 1) || (DAMGrepository.Copy(out_dimension=3), 1, 3)) ; ((DAMGrepository.Linear(in_features=3, out_features=2, bias=False), 3, 2) || edges(1)) ; ((DAMGrepository.Product(with_constant=-1), 3, 1))
        ), 
    loss= DAMGrepository.L1Loss(reduction='mean'), 
    optimizer= DAMGrepository.Adam(learning_rate=0.01, betas=(0.9, 0.999), eps=1e-08, weight_decay=0.0, amsgrad=False, maximize=False, capturable=False, differentiable=False, decoupled_weight_decay=False), 
    epochs= 2000
    )
","
Learner(
    model= (
        ((DAMGrepository.Linear(in_features=1, out_features=5, bias=True), 1, 5)) ; ((DAMGrepository.Sigmoid(), 1, 1) || (DAMGrepository.Sum(with_constant=0), 2, 1) || (DAMGrepository.Sum(with_constant=0), 2, 1)) ; ((DAMGrepository.ReLu(inplace=False), 2, 2) || (DAMGrepository.Linear(in_features=1, out_features=3, bias=False), 1, 3)) ; ((DAMGrepository.Sigmoid(), 1, 1) || (DAMGrepository.Linear(in_features=2, out_features=1, bias=False), 2, 1) || (DAMGrepository.Sum(with_constant=1), 2, 1)) ; ((DAMGrepository.Linear(in_features=3, out_features=1, bias=False), 3, 1))
        ), 
    loss= DAMGrepository.L1Loss(reduction='mean'), 
    optimizer= DAMGrepository.Adam(learning_rate=0.01, betas=(0.9, 0.999), eps=1e-08, weight_decay=0.0, amsgrad=False, maximize=False, capturable=False, differentiable=False, decoupled_weight_decay=False), 
    epochs= 2000
    )
",1.739091157913208,0.024933909997344017,171.43009077664465,2.244358197785914,17682.137567297556,0.4054511120541957,0.3698821755359295,,,,,,,0.9901600272386791,0.9351378958120532,0.9994891943358678
target_len_5_noisy_hierarchical_damg_kernel_13_7,bo,target_len_5,noisy_hierarchical_damg_kernel_13,7,80,"
Learner(
    model= (
        ((DAMGrepository.Linear(in_features=1, out_features=5, bias=True), 1, 5)) ; ((DAMGrepository.Linear(in_features=2, out_features=3, bias=True), 2, 3) || (DAMGrepository.Linear(in_features=3, out_features=1, bias=False), 3, 1)) ; ((DAMGrepository.Linear(in_features=2, out_features=1, bias=False), 2, 1) || edges(1) || (DAMGrepository.Linear(in_features=1, out_features=3, bias=False), 1, 3)) ; ((DAMGrepository.Linear(in_features=2, out_features=2, bias=False), 2, 2) || (DAMGrepository.Product(with_constant=-1), 3, 1)) ; ((DAMGrepository.Product(with_constant=-1), 3, 1))
        ), 
    loss= DAMGrepository.L1Loss(reduction='mean'), 
    optimizer= DAMGrepository.Adam(learning_rate=0.01, betas=(0.9, 0.999), eps=1e-08, weight_decay=0.0, amsgrad=False, maximize=False, capturable=False, differentiable=False, decoupled_weight_decay=False), 
    epochs= 2000
    )
","
Learner(
    model= (
        ((DAMGrepository.Linear(in_features=1, out_features=5, bias=True), 1, 5)) ; ((DAMGrepository.Sigmoid(), 1, 1) || (DAMGrepository.Sum(with_constant=0), 2, 1) || (DAMGrepository.Sum(with_constant=0), 2, 1)) ; ((DAMGrepository.ReLu(inplace=False), 2, 2) || (DAMGrepository.Linear(in_features=1, out_features=3, bias=False), 1, 3)) ; ((DAMGrepository.Sigmoid(), 1, 1) || (DAMGrepository.Linear(in_features=2, out_features=1, bias=False), 2, 1) || (DAMGrepository.Sum(with_constant=1), 2, 1)) ; ((DAMGrepository.Linear(in_features=3, out_features=1, bias=False), 3, 1))
        ), 
    loss= DAMGrepository.L1Loss(reduction='mean'), 
    optimizer= DAMGrepository.Adam(learning_rate=0.01, betas=(0.9, 0.999), eps=1e-08, weight_decay=0.0, amsgrad=False, maximize=False, capturable=False, differentiable=False, decoupled_weight_decay=False), 
    epochs= 2000
    )
",2.10502552986145,0.024933909997344017,203.92374181747437,2.986497816629708,17889.04780693166,0.3964394645020681,0.3588786343163343,,,,,,,0.9906490513232086,0.9380774032459426,0.9995963840759117
target_len_5_noisy_hierarchical_damg_kernel_13_7,bo,target_len_5,noisy_hierarchical_damg_kernel_13,7,81,"
Learner(
    model= (
        ((DAMGrepository.Linear(in_features=1, out_features=4, bias=True), 1, 4)) ; ((DAMGrepository.Copy(out_dimension=3), 1, 3) || (DAMGrepository.Linear(in_features=2, out_features=1, bias=False), 2, 1) || (DAMGrepository.Sigmoid(), 1, 1)) ; ((DAMGrepository.Linear(in_features=3, out_features=2, bias=False), 3, 2) || (DAMGrepository.Linear(in_features=2, out_features=1, bias=False), 2, 1)) ; ((DAMGrepository.Sum(with_constant=1), 2, 1) || (DAMGrepository.Linear(in_features=1, out_features=4, bias=True), 1, 4)) ; ((DAMGrepository.Product(with_constant=1), 5, 1))
        ), 
    loss= DAMGrepository.L1Loss(reduction='mean'), 
    optimizer= DAMGrepository.Adam(learning_rate=0.01, betas=(0.9, 0.999), eps=1e-08, weight_decay=0.0, amsgrad=False, maximize=False, capturable=False, differentiable=False, decoupled_weight_decay=False), 
    epochs= 2000
    )
","
Learner(
    model= (
        ((DAMGrepository.Linear(in_features=1, out_features=5, bias=True), 1, 5)) ; ((DAMGrepository.Sigmoid(), 1, 1) || (DAMGrepository.Sum(with_constant=0), 2, 1) || (DAMGrepository.Sum(with_constant=0), 2, 1)) ; ((DAMGrepository.ReLu(inplace=False), 2, 2) || (DAMGrepository.Linear(in_features=1, out_features=3, bias=False), 1, 3)) ; ((DAMGrepository.Sigmoid(), 1, 1) || (DAMGrepository.Linear(in_features=2, out_features=1, bias=False), 2, 1) || (DAMGrepository.Sum(with_constant=1), 2, 1)) ; ((DAMGrepository.Linear(in_features=3, out_features=1, bias=False), 3, 1))
        ), 
    loss= DAMGrepository.L1Loss(reduction='mean'), 
    optimizer= DAMGrepository.Adam(learning_rate=0.01, betas=(0.9, 0.999), eps=1e-08, weight_decay=0.0, amsgrad=False, maximize=False, capturable=False, differentiable=False, decoupled_weight_decay=False), 
    epochs= 2000
    )
",0.42707303166389465,0.024933909997344017,194.07175154425204,2.8513690372928977,18085.970927513205,0.3453412626439204,0.32315444834737417,,,,,,,0.9767001114827203,0.9218559218559218,0.9990298241110538
target_len_5_noisy_hierarchical_damg_kernel_13_7,bo,target_len_5,noisy_hierarchical_damg_kernel_13,7,82,"
Learner(
    model= (
        ((DAMGrepository.Linear(in_features=1, out_features=4, bias=True), 1, 4)) ; ((DAMGrepository.Copy(out_dimension=3), 1, 3) || (DAMGrepository.Linear(in_features=3, out_features=1, bias=False), 3, 1)) ; ((DAMGrepository.Linear(in_features=1, out_features=2, bias=True), 1, 2) || (DAMGrepository.Sigmoid(), 1, 1) || (DAMGrepository.Sum(with_constant=1), 2, 1)) ; ((DAMGrepository.Sigmoid(), 1, 1) || (DAMGrepository.Product(with_constant=-1), 3, 1)) ; ((DAMGrepository.Sum(with_constant=0), 2, 1))
        ), 
    loss= DAMGrepository.L1Loss(reduction='mean'), 
    optimizer= DAMGrepository.Adam(learning_rate=0.01, betas=(0.9, 0.999), eps=1e-08, weight_decay=0.0, amsgrad=False, maximize=False, capturable=False, differentiable=False, decoupled_weight_decay=False), 
    epochs= 2000
    )
","
Learner(
    model= (
        ((DAMGrepository.Linear(in_features=1, out_features=5, bias=True), 1, 5)) ; ((DAMGrepository.Sigmoid(), 1, 1) || (DAMGrepository.Sum(with_constant=0), 2, 1) || (DAMGrepository.Sum(with_constant=0), 2, 1)) ; ((DAMGrepository.ReLu(inplace=False), 2, 2) || (DAMGrepository.Linear(in_features=1, out_features=3, bias=False), 1, 3)) ; ((DAMGrepository.Sigmoid(), 1, 1) || (DAMGrepository.Linear(in_features=2, out_features=1, bias=False), 2, 1) || (DAMGrepository.Sum(with_constant=1), 2, 1)) ; ((DAMGrepository.Linear(in_features=3, out_features=1, bias=False), 3, 1))
        ), 
    loss= DAMGrepository.L1Loss(reduction='mean'), 
    optimizer= DAMGrepository.Adam(learning_rate=0.01, betas=(0.9, 0.999), eps=1e-08, weight_decay=0.0, amsgrad=False, maximize=False, capturable=False, differentiable=False, decoupled_weight_decay=False), 
    epochs= 2000
    )
",0.8584288954734802,0.024933909997344017,201.142809051089,2.211409875191748,18289.325146439485,0.36707263359728426,0.39336684898667584,,,,,,,0.9858668680548063,0.9307214524605828,0.999507555093837
target_len_5_noisy_hierarchical_damg_kernel_13_7,bo,target_len_5,noisy_hierarchical_damg_kernel_13,7,83,"
Learner(
    model= (
        ((DAMGrepository.Linear(in_features=1, out_features=5, bias=False), 1, 5)) ; ((DAMGrepository.Linear(in_features=2, out_features=2, bias=False), 2, 2) || (DAMGrepository.Linear(in_features=3, out_features=1, bias=False), 3, 1)) ; ((DAMGrepository.Linear(in_features=2, out_features=4, bias=False), 2, 4) || (DAMGrepository.Sigmoid(), 1, 1)) ; ((DAMGrepository.Linear(in_features=2, out_features=1, bias=False), 2, 1) || (DAMGrepository.Linear(in_features=3, out_features=2, bias=False), 3, 2)) ; ((DAMGrepository.Product(with_constant=-1), 3, 1))
        ), 
    loss= DAMGrepository.L1Loss(reduction='mean'), 
    optimizer= DAMGrepository.Adam(learning_rate=0.01, betas=(0.9, 0.999), eps=1e-08, weight_decay=0.0, amsgrad=False, maximize=False, capturable=False, differentiable=False, decoupled_weight_decay=False), 
    epochs= 2000
    )
","
Learner(
    model= (
        ((DAMGrepository.Linear(in_features=1, out_features=5, bias=True), 1, 5)) ; ((DAMGrepository.Sigmoid(), 1, 1) || (DAMGrepository.Sum(with_constant=0), 2, 1) || (DAMGrepository.Sum(with_constant=0), 2, 1)) ; ((DAMGrepository.ReLu(inplace=False), 2, 2) || (DAMGrepository.Linear(in_features=1, out_features=3, bias=False), 1, 3)) ; ((DAMGrepository.Sigmoid(), 1, 1) || (DAMGrepository.Linear(in_features=2, out_features=1, bias=False), 2, 1) || (DAMGrepository.Sum(with_constant=1), 2, 1)) ; ((DAMGrepository.Linear(in_features=3, out_features=1, bias=False), 3, 1))
        ), 
    loss= DAMGrepository.L1Loss(reduction='mean'), 
    optimizer= DAMGrepository.Adam(learning_rate=0.01, betas=(0.9, 0.999), eps=1e-08, weight_decay=0.0, amsgrad=False, maximize=False, capturable=False, differentiable=False, decoupled_weight_decay=False), 
    epochs= 2000
    )
",5.268154621124268,0.024933909997344017,207.45945986825973,2.6020180406048894,18499.38662434835,0.37999893221236347,0.34539982513659284,,,,,,,0.9762913670138162,0.9251986909770921,0.9991571454265692
target_len_5_noisy_hierarchical_damg_kernel_13_7,bo,target_len_5,noisy_hierarchical_damg_kernel_13,7,84,"
Learner(
    model= (
        ((DAMGrepository.Linear(in_features=1, out_features=4, bias=True), 1, 4)) ; ((DAMGrepository.Linear(in_features=3, out_features=2, bias=False), 3, 2) || (DAMGrepository.Sigmoid(), 1, 1)) ; ((DAMGrepository.Sigmoid(), 1, 1) || (DAMGrepository.Sigmoid(), 1, 1) || (DAMGrepository.Copy(out_dimension=3), 1, 3)) ; ((DAMGrepository.Linear(in_features=3, out_features=2, bias=False), 3, 2) || (DAMGrepository.Linear(in_features=2, out_features=1, bias=False), 2, 1)) ; ((DAMGrepository.Linear(in_features=3, out_features=1, bias=False), 3, 1))
        ), 
    loss= DAMGrepository.L1Loss(reduction='mean'), 
    optimizer= DAMGrepository.Adam(learning_rate=0.01, betas=(0.9, 0.999), eps=1e-08, weight_decay=0.0, amsgrad=False, maximize=False, capturable=False, differentiable=False, decoupled_weight_decay=False), 
    epochs= 2000
    )
","
Learner(
    model= (
        ((DAMGrepository.Linear(in_features=1, out_features=5, bias=True), 1, 5)) ; ((DAMGrepository.Sigmoid(), 1, 1) || (DAMGrepository.Sum(with_constant=0), 2, 1) || (DAMGrepository.Sum(with_constant=0), 2, 1)) ; ((DAMGrepository.ReLu(inplace=False), 2, 2) || (DAMGrepository.Linear(in_features=1, out_features=3, bias=False), 1, 3)) ; ((DAMGrepository.Sigmoid(), 1, 1) || (DAMGrepository.Linear(in_features=2, out_features=1, bias=False), 2, 1) || (DAMGrepository.Sum(with_constant=1), 2, 1)) ; ((DAMGrepository.Linear(in_features=3, out_features=1, bias=False), 3, 1))
        ), 
    loss= DAMGrepository.L1Loss(reduction='mean'), 
    optimizer= DAMGrepository.Adam(learning_rate=0.01, betas=(0.9, 0.999), eps=1e-08, weight_decay=0.0, amsgrad=False, maximize=False, capturable=False, differentiable=False, decoupled_weight_decay=False), 
    epochs= 2000
    )
",2.8612115383148193,0.024933909997344017,223.4825489865616,2.5958728715777397,18725.46504620649,0.37305265051637176,0.35716778934228766,,,,,,,0.989278618646823,0.9359414321665522,0.9995962841477548
target_len_5_noisy_hierarchical_damg_kernel_13_7,bo,target_len_5,noisy_hierarchical_damg_kernel_13,7,85,"
Learner(
    model= (
        ((DAMGrepository.Linear(in_features=1, out_features=5, bias=True), 1, 5)) ; ((DAMGrepository.Linear(in_features=3, out_features=2, bias=False), 3, 2) || (DAMGrepository.Linear(in_features=2, out_features=1, bias=False), 2, 1)) ; ((DAMGrepository.Copy(out_dimension=3), 1, 3) || (DAMGrepository.Linear(in_features=2, out_features=1, bias=False), 2, 1)) ; ((DAMGrepository.Linear(in_features=3, out_features=1, bias=False), 3, 1) || (DAMGrepository.Linear(in_features=1, out_features=2, bias=True), 1, 2)) ; ((DAMGrepository.Product(with_constant=-1), 3, 1))
        ), 
    loss= DAMGrepository.L1Loss(reduction='mean'), 
    optimizer= DAMGrepository.Adam(learning_rate=0.01, betas=(0.9, 0.999), eps=1e-08, weight_decay=0.0, amsgrad=False, maximize=False, capturable=False, differentiable=False, decoupled_weight_decay=False), 
    epochs= 2000
    )
","
Learner(
    model= (
        ((DAMGrepository.Linear(in_features=1, out_features=5, bias=True), 1, 5)) ; ((DAMGrepository.Sigmoid(), 1, 1) || (DAMGrepository.Sum(with_constant=0), 2, 1) || (DAMGrepository.Sum(with_constant=0), 2, 1)) ; ((DAMGrepository.ReLu(inplace=False), 2, 2) || (DAMGrepository.Linear(in_features=1, out_features=3, bias=False), 1, 3)) ; ((DAMGrepository.Sigmoid(), 1, 1) || (DAMGrepository.Linear(in_features=2, out_features=1, bias=False), 2, 1) || (DAMGrepository.Sum(with_constant=1), 2, 1)) ; ((DAMGrepository.Linear(in_features=3, out_features=1, bias=False), 3, 1))
        ), 
    loss= DAMGrepository.L1Loss(reduction='mean'), 
    optimizer= DAMGrepository.Adam(learning_rate=0.01, betas=(0.9, 0.999), eps=1e-08, weight_decay=0.0, amsgrad=False, maximize=False, capturable=False, differentiable=False, decoupled_weight_decay=False), 
    epochs= 2000
    )
",1.6797502040863037,0.024933909997344017,152.74471182283014,2.7356312591582537,18880.945389288478,0.40133844605568925,0.3503845540416634,,,,,,,0.9926371780515117,0.9458006718924971,0.9997177812762894
target_len_5_noisy_hierarchical_damg_kernel_13_7,bo,target_len_5,noisy_hierarchical_damg_kernel_13,7,86,"
Learner(
    model= (
        ((DAMGrepository.Linear(in_features=1, out_features=4, bias=True), 1, 4)) ; ((DAMGrepository.ReLu(inplace=False), 2, 2) || (DAMGrepository.Linear(in_features=2, out_features=1, bias=False), 2, 1)) ; ((DAMGrepository.ReLu(inplace=False), 2, 2) || (DAMGrepository.Copy(out_dimension=3), 1, 3)) ; ((DAMGrepository.Linear(in_features=2, out_features=1, bias=False), 2, 1) || (DAMGrepository.Sum(with_constant=0), 2, 1) || (DAMGrepository.Sigmoid(), 1, 1)) ; ((DAMGrepository.Linear(in_features=3, out_features=1, bias=False), 3, 1))
        ), 
    loss= DAMGrepository.L1Loss(reduction='mean'), 
    optimizer= DAMGrepository.Adam(learning_rate=0.01, betas=(0.9, 0.999), eps=1e-08, weight_decay=0.0, amsgrad=False, maximize=False, capturable=False, differentiable=False, decoupled_weight_decay=False), 
    epochs= 2000
    )
","
Learner(
    model= (
        ((DAMGrepository.Linear(in_features=1, out_features=5, bias=True), 1, 5)) ; ((DAMGrepository.Sigmoid(), 1, 1) || (DAMGrepository.Sum(with_constant=0), 2, 1) || (DAMGrepository.Sum(with_constant=0), 2, 1)) ; ((DAMGrepository.ReLu(inplace=False), 2, 2) || (DAMGrepository.Linear(in_features=1, out_features=3, bias=False), 1, 3)) ; ((DAMGrepository.Sigmoid(), 1, 1) || (DAMGrepository.Linear(in_features=2, out_features=1, bias=False), 2, 1) || (DAMGrepository.Sum(with_constant=1), 2, 1)) ; ((DAMGrepository.Linear(in_features=3, out_features=1, bias=False), 3, 1))
        ), 
    loss= DAMGrepository.L1Loss(reduction='mean'), 
    optimizer= DAMGrepository.Adam(learning_rate=0.01, betas=(0.9, 0.999), eps=1e-08, weight_decay=0.0, amsgrad=False, maximize=False, capturable=False, differentiable=False, decoupled_weight_decay=False), 
    epochs= 2000
    )
",4.170938014984131,0.024933909997344017,228.92269710171968,2.1317004542797804,19111.999786844477,0.2754129149758334,0.3646634384507025,,,,,,,0.9886462289744982,0.9390350877192981,0.9997762715752275
target_len_5_noisy_hierarchical_damg_kernel_13_7,bo,target_len_5,noisy_hierarchical_damg_kernel_13,7,87,"
Learner(
    model= (
        ((DAMGrepository.Linear(in_features=1, out_features=5, bias=True), 1, 5)) ; ((DAMGrepository.Linear(in_features=2, out_features=1, bias=False), 2, 1) || (DAMGrepository.ReLu(inplace=False), 2, 2) || (DAMGrepository.Linear(in_features=1, out_features=2, bias=True), 1, 2)) ; ((DAMGrepository.Sum(with_constant=1), 2, 1) || (DAMGrepository.ReLu(inplace=False), 2, 2) || (DAMGrepository.Linear(in_features=1, out_features=2, bias=True), 1, 2)) ; ((DAMGrepository.Sum(with_constant=1), 2, 1) || (DAMGrepository.ReLu(inplace=False), 2, 2) || (DAMGrepository.Linear(in_features=1, out_features=2, bias=True), 1, 2)) ; ((DAMGrepository.Linear(in_features=5, out_features=1, bias=True), 5, 1))
        ), 
    loss= DAMGrepository.L1Loss(reduction='mean'), 
    optimizer= DAMGrepository.Adam(learning_rate=0.01, betas=(0.9, 0.999), eps=1e-08, weight_decay=0.0, amsgrad=False, maximize=False, capturable=False, differentiable=False, decoupled_weight_decay=False), 
    epochs= 2000
    )
","
Learner(
    model= (
        ((DAMGrepository.Linear(in_features=1, out_features=5, bias=True), 1, 5)) ; ((DAMGrepository.Sigmoid(), 1, 1) || (DAMGrepository.Sum(with_constant=0), 2, 1) || (DAMGrepository.Sum(with_constant=0), 2, 1)) ; ((DAMGrepository.ReLu(inplace=False), 2, 2) || (DAMGrepository.Linear(in_features=1, out_features=3, bias=False), 1, 3)) ; ((DAMGrepository.Sigmoid(), 1, 1) || (DAMGrepository.Linear(in_features=2, out_features=1, bias=False), 2, 1) || (DAMGrepository.Sum(with_constant=1), 2, 1)) ; ((DAMGrepository.Linear(in_features=3, out_features=1, bias=False), 3, 1))
        ), 
    loss= DAMGrepository.L1Loss(reduction='mean'), 
    optimizer= DAMGrepository.Adam(learning_rate=0.01, betas=(0.9, 0.999), eps=1e-08, weight_decay=0.0, amsgrad=False, maximize=False, capturable=False, differentiable=False, decoupled_weight_decay=False), 
    epochs= 2000
    )
",4.1701250076293945,0.024933909997344017,290.27892121486366,3.0904283737763762,19405.369136433117,0.4219818199246772,0.4963430037390043,,,,,,,0.9876262360614347,0.9364261168384882,0.9997294131096429
target_len_5_noisy_hierarchical_damg_kernel_13_7,bo,target_len_5,noisy_hierarchical_damg_kernel_13,7,88,"
Learner(
    model= (
        ((DAMGrepository.Linear(in_features=1, out_features=4, bias=True), 1, 4)) ; ((DAMGrepository.Linear(in_features=1, out_features=2, bias=True), 1, 2) || (DAMGrepository.Linear(in_features=3, out_features=1, bias=False), 3, 1)) ; ((DAMGrepository.Linear(in_features=3, out_features=4, bias=False), 3, 4)) ; ((DAMGrepository.Linear(in_features=2, out_features=2, bias=False), 2, 2) || (DAMGrepository.Sum(with_constant=1), 2, 1)) ; ((DAMGrepository.Product(with_constant=-1), 3, 1))
        ), 
    loss= DAMGrepository.L1Loss(reduction='mean'), 
    optimizer= DAMGrepository.Adam(learning_rate=0.01, betas=(0.9, 0.999), eps=1e-08, weight_decay=0.0, amsgrad=False, maximize=False, capturable=False, differentiable=False, decoupled_weight_decay=False), 
    epochs= 2000
    )
","
Learner(
    model= (
        ((DAMGrepository.Linear(in_features=1, out_features=5, bias=True), 1, 5)) ; ((DAMGrepository.Sigmoid(), 1, 1) || (DAMGrepository.Sum(with_constant=0), 2, 1) || (DAMGrepository.Sum(with_constant=0), 2, 1)) ; ((DAMGrepository.ReLu(inplace=False), 2, 2) || (DAMGrepository.Linear(in_features=1, out_features=3, bias=False), 1, 3)) ; ((DAMGrepository.Sigmoid(), 1, 1) || (DAMGrepository.Linear(in_features=2, out_features=1, bias=False), 2, 1) || (DAMGrepository.Sum(with_constant=1), 2, 1)) ; ((DAMGrepository.Linear(in_features=3, out_features=1, bias=False), 3, 1))
        ), 
    loss= DAMGrepository.L1Loss(reduction='mean'), 
    optimizer= DAMGrepository.Adam(learning_rate=0.01, betas=(0.9, 0.999), eps=1e-08, weight_decay=0.0, amsgrad=False, maximize=False, capturable=False, differentiable=False, decoupled_weight_decay=False), 
    epochs= 2000
    )
",1.662482738494873,0.024933909997344017,160.62870913837105,2.5226566875353456,19568.520502259023,0.4947858116853635,0.44079435829162394,,,,,,,0.9780298248634035,0.9259415106248686,0.999529488958755
target_len_5_noisy_hierarchical_damg_kernel_13_7,bo,target_len_5,noisy_hierarchical_damg_kernel_13,7,89,"
Learner(
    model= (
        ((DAMGrepository.Linear(in_features=1, out_features=5, bias=True), 1, 5)) ; ((DAMGrepository.Sum(with_constant=1), 1, 1) || (DAMGrepository.Product(with_constant=-1), 3, 1) || (DAMGrepository.Linear(in_features=1, out_features=3, bias=False), 1, 3)) ; ((DAMGrepository.Sum(with_constant=1), 1, 1) || (DAMGrepository.Linear(in_features=3, out_features=1, bias=False), 3, 1) || (DAMGrepository.Linear(in_features=1, out_features=3, bias=False), 1, 3)) ; ((DAMGrepository.Linear(in_features=2, out_features=1, bias=False), 2, 1) || (DAMGrepository.Sum(with_constant=1), 1, 1) || (DAMGrepository.Product(with_constant=1), 2, 1)) ; ((DAMGrepository.Linear(in_features=3, out_features=1, bias=False), 3, 1))
        ), 
    loss= DAMGrepository.L1Loss(reduction='mean'), 
    optimizer= DAMGrepository.Adam(learning_rate=0.01, betas=(0.9, 0.999), eps=1e-08, weight_decay=0.0, amsgrad=False, maximize=False, capturable=False, differentiable=False, decoupled_weight_decay=False), 
    epochs= 2000
    )
","
Learner(
    model= (
        ((DAMGrepository.Linear(in_features=1, out_features=5, bias=True), 1, 5)) ; ((DAMGrepository.Sigmoid(), 1, 1) || (DAMGrepository.Sum(with_constant=0), 2, 1) || (DAMGrepository.Sum(with_constant=0), 2, 1)) ; ((DAMGrepository.ReLu(inplace=False), 2, 2) || (DAMGrepository.Linear(in_features=1, out_features=3, bias=False), 1, 3)) ; ((DAMGrepository.Sigmoid(), 1, 1) || (DAMGrepository.Linear(in_features=2, out_features=1, bias=False), 2, 1) || (DAMGrepository.Sum(with_constant=1), 2, 1)) ; ((DAMGrepository.Linear(in_features=3, out_features=1, bias=False), 3, 1))
        ), 
    loss= DAMGrepository.L1Loss(reduction='mean'), 
    optimizer= DAMGrepository.Adam(learning_rate=0.01, betas=(0.9, 0.999), eps=1e-08, weight_decay=0.0, amsgrad=False, maximize=False, capturable=False, differentiable=False, decoupled_weight_decay=False), 
    epochs= 2000
    )
",1.6939433813095093,0.024933909997344017,318.98744315840304,2.857773649506271,19890.365719066933,0.3863501183971307,0.38744058292070555,,,,,,,0.9806060606060605,0.9262007833436405,0.9995865195676941
target_len_5_noisy_hierarchical_damg_kernel_13_7,bo,target_len_5,noisy_hierarchical_damg_kernel_13,7,90,"
Learner(
    model= (
        ((DAMGrepository.Linear(in_features=1, out_features=4, bias=True), 1, 4)) ; ((DAMGrepository.Linear(in_features=3, out_features=3, bias=True), 3, 3) || (DAMGrepository.Linear(in_features=1, out_features=2, bias=True), 1, 2)) ; ((DAMGrepository.Linear(in_features=2, out_features=3, bias=True), 2, 3) || (DAMGrepository.Linear(in_features=2, out_features=1, bias=False), 2, 1) || (DAMGrepository.Sigmoid(), 1, 1)) ; ((DAMGrepository.Linear(in_features=3, out_features=1, bias=False), 3, 1) || (DAMGrepository.Linear(in_features=2, out_features=1, bias=False), 2, 1)) ; ((DAMGrepository.Sum(with_constant=0), 2, 1))
        ), 
    loss= DAMGrepository.L1Loss(reduction='mean'), 
    optimizer= DAMGrepository.Adam(learning_rate=0.01, betas=(0.9, 0.999), eps=1e-08, weight_decay=0.0, amsgrad=False, maximize=False, capturable=False, differentiable=False, decoupled_weight_decay=False), 
    epochs= 2000
    )
","
Learner(
    model= (
        ((DAMGrepository.Linear(in_features=1, out_features=5, bias=True), 1, 5)) ; ((DAMGrepository.Sigmoid(), 1, 1) || (DAMGrepository.Sum(with_constant=0), 2, 1) || (DAMGrepository.Sum(with_constant=0), 2, 1)) ; ((DAMGrepository.ReLu(inplace=False), 2, 2) || (DAMGrepository.Linear(in_features=1, out_features=3, bias=False), 1, 3)) ; ((DAMGrepository.Sigmoid(), 1, 1) || (DAMGrepository.Linear(in_features=2, out_features=1, bias=False), 2, 1) || (DAMGrepository.Sum(with_constant=1), 2, 1)) ; ((DAMGrepository.Linear(in_features=3, out_features=1, bias=False), 3, 1))
        ), 
    loss= DAMGrepository.L1Loss(reduction='mean'), 
    optimizer= DAMGrepository.Adam(learning_rate=0.01, betas=(0.9, 0.999), eps=1e-08, weight_decay=0.0, amsgrad=False, maximize=False, capturable=False, differentiable=False, decoupled_weight_decay=False), 
    epochs= 2000
    )
",1.948163628578186,0.024933909997344017,221.45907142292708,3.304205016233027,20115.128995506093,0.3034695614481282,0.34538276591867373,,,,,,,0.9901950195019501,0.9377777777777779,0.9997300734544183
target_len_5_noisy_hierarchical_damg_kernel_13_7,bo,target_len_5,noisy_hierarchical_damg_kernel_13,7,91,"
Learner(
    model= (
        ((DAMGrepository.Linear(in_features=1, out_features=5, bias=True), 1, 5)) ; ((DAMGrepository.Product(with_constant=-1), 3, 1) || (DAMGrepository.Linear(in_features=2, out_features=1, bias=False), 2, 1)) ; ((DAMGrepository.Sigmoid(), 1, 1) || (DAMGrepository.Sigmoid(), 1, 1)) ; ((DAMGrepository.Sigmoid(), 1, 1) || (DAMGrepository.Linear(in_features=1, out_features=4, bias=True), 1, 4)) ; ((DAMGrepository.Linear(in_features=5, out_features=1, bias=True), 5, 1))
        ), 
    loss= DAMGrepository.L1Loss(reduction='mean'), 
    optimizer= DAMGrepository.Adam(learning_rate=0.01, betas=(0.9, 0.999), eps=1e-08, weight_decay=0.0, amsgrad=False, maximize=False, capturable=False, differentiable=False, decoupled_weight_decay=False), 
    epochs= 2000
    )
","
Learner(
    model= (
        ((DAMGrepository.Linear(in_features=1, out_features=5, bias=True), 1, 5)) ; ((DAMGrepository.Sigmoid(), 1, 1) || (DAMGrepository.Sum(with_constant=0), 2, 1) || (DAMGrepository.Sum(with_constant=0), 2, 1)) ; ((DAMGrepository.ReLu(inplace=False), 2, 2) || (DAMGrepository.Linear(in_features=1, out_features=3, bias=False), 1, 3)) ; ((DAMGrepository.Sigmoid(), 1, 1) || (DAMGrepository.Linear(in_features=2, out_features=1, bias=False), 2, 1) || (DAMGrepository.Sum(with_constant=1), 2, 1)) ; ((DAMGrepository.Linear(in_features=3, out_features=1, bias=False), 3, 1))
        ), 
    loss= DAMGrepository.L1Loss(reduction='mean'), 
    optimizer= DAMGrepository.Adam(learning_rate=0.01, betas=(0.9, 0.999), eps=1e-08, weight_decay=0.0, amsgrad=False, maximize=False, capturable=False, differentiable=False, decoupled_weight_decay=False), 
    epochs= 2000
    )
",2.4695019721984863,0.024933909997344017,179.727392478846,2.2336713913828135,20297.09005937632,0.3925287420032728,0.40886644480694867,,,,,,,0.9914036109493302,0.9405940594059409,0.9997840084390294
target_len_5_noisy_hierarchical_damg_kernel_13_7,bo,target_len_5,noisy_hierarchical_damg_kernel_13,7,92,"
Learner(
    model= (
        ((DAMGrepository.Sigmoid(), 1, 1)) ; ((DAMGrepository.Linear(in_features=1, out_features=4, bias=True), 1, 4)) ; ((DAMGrepository.Linear(in_features=3, out_features=2, bias=False), 3, 2) || (DAMGrepository.Copy(out_dimension=3), 1, 3)) ; ((DAMGrepository.Linear(in_features=2, out_features=4, bias=False), 2, 4) || (DAMGrepository.Linear(in_features=3, out_features=1, bias=False), 3, 1)) ; ((DAMGrepository.Linear(in_features=5, out_features=1, bias=True), 5, 1))
        ), 
    loss= DAMGrepository.L1Loss(reduction='mean'), 
    optimizer= DAMGrepository.Adam(learning_rate=0.01, betas=(0.9, 0.999), eps=1e-08, weight_decay=0.0, amsgrad=False, maximize=False, capturable=False, differentiable=False, decoupled_weight_decay=False), 
    epochs= 2000
    )
","
Learner(
    model= (
        ((DAMGrepository.Linear(in_features=1, out_features=5, bias=True), 1, 5)) ; ((DAMGrepository.Sigmoid(), 1, 1) || (DAMGrepository.Sum(with_constant=0), 2, 1) || (DAMGrepository.Sum(with_constant=0), 2, 1)) ; ((DAMGrepository.ReLu(inplace=False), 2, 2) || (DAMGrepository.Linear(in_features=1, out_features=3, bias=False), 1, 3)) ; ((DAMGrepository.Sigmoid(), 1, 1) || (DAMGrepository.Linear(in_features=2, out_features=1, bias=False), 2, 1) || (DAMGrepository.Sum(with_constant=1), 2, 1)) ; ((DAMGrepository.Linear(in_features=3, out_features=1, bias=False), 3, 1))
        ), 
    loss= DAMGrepository.L1Loss(reduction='mean'), 
    optimizer= DAMGrepository.Adam(learning_rate=0.01, betas=(0.9, 0.999), eps=1e-08, weight_decay=0.0, amsgrad=False, maximize=False, capturable=False, differentiable=False, decoupled_weight_decay=False), 
    epochs= 2000
    )
",4.168607711791992,0.024933909997344017,210.79848388861865,2.3603700986132026,20510.248913363554,0.4779810539398035,0.4026561739067621,,,,,,,0.9913486494280496,0.943311978256649,0.9998565067842936
target_len_5_noisy_hierarchical_damg_kernel_13_7,bo,target_len_5,noisy_hierarchical_damg_kernel_13,7,93,"
Learner(
    model= (
        ((DAMGrepository.Linear(in_features=1, out_features=3, bias=False), 1, 3)) ; ((DAMGrepository.Linear(in_features=3, out_features=1, bias=False), 3, 1)) ; ((DAMGrepository.Linear(in_features=1, out_features=4, bias=True), 1, 4)) ; ((DAMGrepository.Linear(in_features=3, out_features=1, bias=False), 3, 1) || (DAMGrepository.Sigmoid(), 1, 1)) ; ((DAMGrepository.Linear(in_features=2, out_features=1, bias=False), 2, 1))
        ), 
    loss= DAMGrepository.L1Loss(reduction='mean'), 
    optimizer= DAMGrepository.Adam(learning_rate=0.01, betas=(0.9, 0.999), eps=1e-08, weight_decay=0.0, amsgrad=False, maximize=False, capturable=False, differentiable=False, decoupled_weight_decay=False), 
    epochs= 2000
    )
","
Learner(
    model= (
        ((DAMGrepository.Linear(in_features=1, out_features=5, bias=True), 1, 5)) ; ((DAMGrepository.Sigmoid(), 1, 1) || (DAMGrepository.Sum(with_constant=0), 2, 1) || (DAMGrepository.Sum(with_constant=0), 2, 1)) ; ((DAMGrepository.ReLu(inplace=False), 2, 2) || (DAMGrepository.Linear(in_features=1, out_features=3, bias=False), 1, 3)) ; ((DAMGrepository.Sigmoid(), 1, 1) || (DAMGrepository.Linear(in_features=2, out_features=1, bias=False), 2, 1) || (DAMGrepository.Sum(with_constant=1), 2, 1)) ; ((DAMGrepository.Linear(in_features=3, out_features=1, bias=False), 3, 1))
        ), 
    loss= DAMGrepository.L1Loss(reduction='mean'), 
    optimizer= DAMGrepository.Adam(learning_rate=0.01, betas=(0.9, 0.999), eps=1e-08, weight_decay=0.0, amsgrad=False, maximize=False, capturable=False, differentiable=False, decoupled_weight_decay=False), 
    epochs= 2000
    )
",4.169209957122803,0.024933909997344017,128.31478100642562,1.7133088698610663,20640.27700323984,0.4972263030371653,0.4547371189087218,,,,,,,0.9881496287835523,0.9318484675423568,0.9997114951770113
target_len_5_noisy_hierarchical_damg_kernel_13_7,bo,target_len_5,noisy_hierarchical_damg_kernel_13,7,94,"
Learner(
    model= (
        ((DAMGrepository.Linear(in_features=1, out_features=3, bias=False), 1, 3)) ; ((DAMGrepository.Product(with_constant=-1), 3, 1)) ; ((DAMGrepository.Linear(in_features=1, out_features=5, bias=False), 1, 5)) ; ((DAMGrepository.Linear(in_features=2, out_features=1, bias=False), 2, 1) || (DAMGrepository.Linear(in_features=3, out_features=1, bias=False), 3, 1)) ; ((DAMGrepository.Sum(with_constant=0), 2, 1))
        ), 
    loss= DAMGrepository.L1Loss(reduction='mean'), 
    optimizer= DAMGrepository.Adam(learning_rate=0.01, betas=(0.9, 0.999), eps=1e-08, weight_decay=0.0, amsgrad=False, maximize=False, capturable=False, differentiable=False, decoupled_weight_decay=False), 
    epochs= 2000
    )
","
Learner(
    model= (
        ((DAMGrepository.Linear(in_features=1, out_features=5, bias=True), 1, 5)) ; ((DAMGrepository.Sigmoid(), 1, 1) || (DAMGrepository.Sum(with_constant=0), 2, 1) || (DAMGrepository.Sum(with_constant=0), 2, 1)) ; ((DAMGrepository.ReLu(inplace=False), 2, 2) || (DAMGrepository.Linear(in_features=1, out_features=3, bias=False), 1, 3)) ; ((DAMGrepository.Sigmoid(), 1, 1) || (DAMGrepository.Linear(in_features=2, out_features=1, bias=False), 2, 1) || (DAMGrepository.Sum(with_constant=1), 2, 1)) ; ((DAMGrepository.Linear(in_features=3, out_features=1, bias=False), 3, 1))
        ), 
    loss= DAMGrepository.L1Loss(reduction='mean'), 
    optimizer= DAMGrepository.Adam(learning_rate=0.01, betas=(0.9, 0.999), eps=1e-08, weight_decay=0.0, amsgrad=False, maximize=False, capturable=False, differentiable=False, decoupled_weight_decay=False), 
    epochs= 2000
    )
",4.1674723625183105,0.024933909997344017,123.61516417004168,1.652003456838429,20765.54417086672,0.4299676091510112,0.4199876117014988,,,,,,,0.98861354052827,0.9379142978043845,0.9998641037388373
target_len_5_noisy_hierarchical_damg_kernel_13_7,bo,target_len_5,noisy_hierarchical_damg_kernel_13,7,95,"
Learner(
    model= (
        ((DAMGrepository.Linear(in_features=1, out_features=4, bias=True), 1, 4)) ; ((DAMGrepository.Linear(in_features=2, out_features=3, bias=True), 2, 3) || (DAMGrepository.Linear(in_features=2, out_features=1, bias=False), 2, 1)) ; ((DAMGrepository.Sum(with_constant=1), 2, 1) || (DAMGrepository.Linear(in_features=2, out_features=1, bias=False), 2, 1)) ; ((DAMGrepository.Linear(in_features=2, out_features=3, bias=True), 2, 3)) ; ((DAMGrepository.Linear(in_features=3, out_features=1, bias=False), 3, 1))
        ), 
    loss= DAMGrepository.L1Loss(reduction='mean'), 
    optimizer= DAMGrepository.Adam(learning_rate=0.01, betas=(0.9, 0.999), eps=1e-08, weight_decay=0.0, amsgrad=False, maximize=False, capturable=False, differentiable=False, decoupled_weight_decay=False), 
    epochs= 2000
    )
","
Learner(
    model= (
        ((DAMGrepository.Linear(in_features=1, out_features=5, bias=True), 1, 5)) ; ((DAMGrepository.Sigmoid(), 1, 1) || (DAMGrepository.Sum(with_constant=0), 2, 1) || (DAMGrepository.Sum(with_constant=0), 2, 1)) ; ((DAMGrepository.ReLu(inplace=False), 2, 2) || (DAMGrepository.Linear(in_features=1, out_features=3, bias=False), 1, 3)) ; ((DAMGrepository.Sigmoid(), 1, 1) || (DAMGrepository.Linear(in_features=2, out_features=1, bias=False), 2, 1) || (DAMGrepository.Sum(with_constant=1), 2, 1)) ; ((DAMGrepository.Linear(in_features=3, out_features=1, bias=False), 3, 1))
        ), 
    loss= DAMGrepository.L1Loss(reduction='mean'), 
    optimizer= DAMGrepository.Adam(learning_rate=0.01, betas=(0.9, 0.999), eps=1e-08, weight_decay=0.0, amsgrad=False, maximize=False, capturable=False, differentiable=False, decoupled_weight_decay=False), 
    epochs= 2000
    )
",4.168471813201904,0.024933909997344017,146.8784725125879,2.68679575342685,20915.109439132735,0.4758365752078363,0.49483618964265463,,,,,,,0.9879301988686479,0.9339683160333394,0.9998632396327742
target_len_5_noisy_hierarchical_damg_kernel_13_7,bo,target_len_5,noisy_hierarchical_damg_kernel_13,7,96,"
Learner(
    model= (
        ((DAMGrepository.Linear(in_features=1, out_features=5, bias=True), 1, 5)) ; ((DAMGrepository.Linear(in_features=2, out_features=1, bias=False), 2, 1) || (DAMGrepository.Linear(in_features=3, out_features=1, bias=False), 3, 1)) ; ((DAMGrepository.Linear(in_features=1, out_features=4, bias=True), 1, 4) || (DAMGrepository.Sigmoid(), 1, 1)) ; ((DAMGrepository.Sum(with_constant=1), 4, 1) || (DAMGrepository.Linear(in_features=1, out_features=2, bias=True), 1, 2)) ; ((DAMGrepository.Product(with_constant=-1), 3, 1))
        ), 
    loss= DAMGrepository.L1Loss(reduction='mean'), 
    optimizer= DAMGrepository.Adam(learning_rate=0.01, betas=(0.9, 0.999), eps=1e-08, weight_decay=0.0, amsgrad=False, maximize=False, capturable=False, differentiable=False, decoupled_weight_decay=False), 
    epochs= 2000
    )
","
Learner(
    model= (
        ((DAMGrepository.Linear(in_features=1, out_features=5, bias=True), 1, 5)) ; ((DAMGrepository.Sigmoid(), 1, 1) || (DAMGrepository.Sum(with_constant=0), 2, 1) || (DAMGrepository.Sum(with_constant=0), 2, 1)) ; ((DAMGrepository.ReLu(inplace=False), 2, 2) || (DAMGrepository.Linear(in_features=1, out_features=3, bias=False), 1, 3)) ; ((DAMGrepository.Sigmoid(), 1, 1) || (DAMGrepository.Linear(in_features=2, out_features=1, bias=False), 2, 1) || (DAMGrepository.Sum(with_constant=1), 2, 1)) ; ((DAMGrepository.Linear(in_features=3, out_features=1, bias=False), 3, 1))
        ), 
    loss= DAMGrepository.L1Loss(reduction='mean'), 
    optimizer= DAMGrepository.Adam(learning_rate=0.01, betas=(0.9, 0.999), eps=1e-08, weight_decay=0.0, amsgrad=False, maximize=False, capturable=False, differentiable=False, decoupled_weight_decay=False), 
    epochs= 2000
    )
",0.6639907360076904,0.024933909997344017,220.2950963973999,2.3878682823851705,21137.79240381252,0.33642005487083204,0.28604637958076856,,,,,,,0.9832253903988434,0.9240722474181337,0.9997156636974779
target_len_5_noisy_hierarchical_damg_kernel_13_7,bo,target_len_5,noisy_hierarchical_damg_kernel_13,7,97,"
Learner(
    model= (
        ((DAMGrepository.Linear(in_features=1, out_features=5, bias=True), 1, 5)) ; ((DAMGrepository.Linear(in_features=1, out_features=3, bias=False), 1, 3) || (DAMGrepository.Sigmoid(), 1, 1) || (DAMGrepository.Linear(in_features=3, out_features=1, bias=False), 3, 1)) ; ((DAMGrepository.Sum(with_constant=1), 2, 1) || (DAMGrepository.Product(with_constant=1), 2, 1) || (DAMGrepository.Linear(in_features=1, out_features=2, bias=True), 1, 2)) ; ((DAMGrepository.Linear(in_features=1, out_features=2, bias=True), 1, 2) || (DAMGrepository.Linear(in_features=3, out_features=1, bias=False), 3, 1)) ; ((DAMGrepository.Product(with_constant=-1), 3, 1))
        ), 
    loss= DAMGrepository.L1Loss(reduction='mean'), 
    optimizer= DAMGrepository.Adam(learning_rate=0.01, betas=(0.9, 0.999), eps=1e-08, weight_decay=0.0, amsgrad=False, maximize=False, capturable=False, differentiable=False, decoupled_weight_decay=False), 
    epochs= 2000
    )
","
Learner(
    model= (
        ((DAMGrepository.Linear(in_features=1, out_features=5, bias=True), 1, 5)) ; ((DAMGrepository.Sigmoid(), 1, 1) || (DAMGrepository.Sum(with_constant=0), 2, 1) || (DAMGrepository.Sum(with_constant=0), 2, 1)) ; ((DAMGrepository.ReLu(inplace=False), 2, 2) || (DAMGrepository.Linear(in_features=1, out_features=3, bias=False), 1, 3)) ; ((DAMGrepository.Sigmoid(), 1, 1) || (DAMGrepository.Linear(in_features=2, out_features=1, bias=False), 2, 1) || (DAMGrepository.Sum(with_constant=1), 2, 1)) ; ((DAMGrepository.Linear(in_features=3, out_features=1, bias=False), 3, 1))
        ), 
    loss= DAMGrepository.L1Loss(reduction='mean'), 
    optimizer= DAMGrepository.Adam(learning_rate=0.01, betas=(0.9, 0.999), eps=1e-08, weight_decay=0.0, amsgrad=False, maximize=False, capturable=False, differentiable=False, decoupled_weight_decay=False), 
    epochs= 2000
    )
",0.3096855580806732,0.024933909997344017,231.76216958556324,2.888191543519497,21372.442764941603,0.3252504406373309,0.2881934357329741,,,,,,,0.9891332832111094,0.9381888758806725,0.999901018283083
target_len_5_noisy_hierarchical_damg_kernel_13_7,bo,target_len_5,noisy_hierarchical_damg_kernel_13,7,98,"
Learner(
    model= (
        ((DAMGrepository.Linear(in_features=1, out_features=5, bias=True), 1, 5)) ; ((DAMGrepository.Sum(with_constant=1), 2, 1) || (DAMGrepository.Linear(in_features=3, out_features=2, bias=False), 3, 2)) ; ((DAMGrepository.Linear(in_features=2, out_features=4, bias=False), 2, 4) || edges(1)) ; ((DAMGrepository.Sum(with_constant=1), 2, 1) || (DAMGrepository.Linear(in_features=3, out_features=2, bias=False), 3, 2)) ; ((DAMGrepository.Linear(in_features=3, out_features=1, bias=False), 3, 1))
        ), 
    loss= DAMGrepository.L1Loss(reduction='mean'), 
    optimizer= DAMGrepository.Adam(learning_rate=0.01, betas=(0.9, 0.999), eps=1e-08, weight_decay=0.0, amsgrad=False, maximize=False, capturable=False, differentiable=False, decoupled_weight_decay=False), 
    epochs= 2000
    )
","
Learner(
    model= (
        ((DAMGrepository.Linear(in_features=1, out_features=5, bias=True), 1, 5)) ; ((DAMGrepository.Sigmoid(), 1, 1) || (DAMGrepository.Sum(with_constant=0), 2, 1) || (DAMGrepository.Sum(with_constant=0), 2, 1)) ; ((DAMGrepository.ReLu(inplace=False), 2, 2) || (DAMGrepository.Linear(in_features=1, out_features=3, bias=False), 1, 3)) ; ((DAMGrepository.Sigmoid(), 1, 1) || (DAMGrepository.Linear(in_features=2, out_features=1, bias=False), 2, 1) || (DAMGrepository.Sum(with_constant=1), 2, 1)) ; ((DAMGrepository.Linear(in_features=3, out_features=1, bias=False), 3, 1))
        ), 
    loss= DAMGrepository.L1Loss(reduction='mean'), 
    optimizer= DAMGrepository.Adam(learning_rate=0.01, betas=(0.9, 0.999), eps=1e-08, weight_decay=0.0, amsgrad=False, maximize=False, capturable=False, differentiable=False, decoupled_weight_decay=False), 
    epochs= 2000
    )
",4.169699192047119,0.024933909997344017,224.60931887943298,2.5178485196083784,21599.569932340644,0.4088517685314121,0.4064114616530796,,,,,,,0.9780192299017656,0.9251406352256208,0.9995671936616144
target_len_5_noisy_hierarchical_damg_kernel_13_7,bo,target_len_5,noisy_hierarchical_damg_kernel_13,7,99,"
Learner(
    model= (
        ((DAMGrepository.Linear(in_features=1, out_features=5, bias=True), 1, 5)) ; ((DAMGrepository.Linear(in_features=2, out_features=1, bias=False), 2, 1) || (DAMGrepository.Linear(in_features=3, out_features=1, bias=False), 3, 1)) ; ((DAMGrepository.Linear(in_features=2, out_features=3, bias=False), 2, 3)) ; ((DAMGrepository.Linear(in_features=1, out_features=4, bias=True), 1, 4) || (DAMGrepository.Sum(with_constant=1), 2, 1)) ; ((DAMGrepository.Product(with_constant=1), 5, 1))
        ), 
    loss= DAMGrepository.L1Loss(reduction='mean'), 
    optimizer= DAMGrepository.Adam(learning_rate=0.01, betas=(0.9, 0.999), eps=1e-08, weight_decay=0.0, amsgrad=False, maximize=False, capturable=False, differentiable=False, decoupled_weight_decay=False), 
    epochs= 2000
    )
","
Learner(
    model= (
        ((DAMGrepository.Linear(in_features=1, out_features=5, bias=True), 1, 5)) ; ((DAMGrepository.Sigmoid(), 1, 1) || (DAMGrepository.Sum(with_constant=0), 2, 1) || (DAMGrepository.Sum(with_constant=0), 2, 1)) ; ((DAMGrepository.ReLu(inplace=False), 2, 2) || (DAMGrepository.Linear(in_features=1, out_features=3, bias=False), 1, 3)) ; ((DAMGrepository.Sigmoid(), 1, 1) || (DAMGrepository.Linear(in_features=2, out_features=1, bias=False), 2, 1) || (DAMGrepository.Sum(with_constant=1), 2, 1)) ; ((DAMGrepository.Linear(in_features=3, out_features=1, bias=False), 3, 1))
        ), 
    loss= DAMGrepository.L1Loss(reduction='mean'), 
    optimizer= DAMGrepository.Adam(learning_rate=0.01, betas=(0.9, 0.999), eps=1e-08, weight_decay=0.0, amsgrad=False, maximize=False, capturable=False, differentiable=False, decoupled_weight_decay=False), 
    epochs= 2000
    )
",1.5773996114730835,0.024933909997344017,150.41914727166295,2.490855948999524,21752.479935561307,0.37337222383107316,0.35977226460543693,,,,,,,0.9872509203319061,0.9387477733306812,0.9999391181866601
target_len_5_noisy_hierarchical_damg_kernel_13_7,bo,target_len_5,noisy_hierarchical_damg_kernel_13,7,100,"
Learner(
    model= (
        ((DAMGrepository.Linear(in_features=1, out_features=4, bias=True), 1, 4)) ; ((DAMGrepository.Linear(in_features=1, out_features=4, bias=True), 1, 4) || (DAMGrepository.Linear(in_features=3, out_features=1, bias=False), 3, 1)) ; ((DAMGrepository.Linear(in_features=2, out_features=1, bias=False), 2, 1) || edges(3)) ; ((DAMGrepository.Sum(with_constant=1), 2, 1) || (DAMGrepository.Sigmoid(), 1, 1) || (DAMGrepository.Sigmoid(), 1, 1)) ; ((DAMGrepository.Product(with_constant=-1), 3, 1))
        ), 
    loss= DAMGrepository.L1Loss(reduction='mean'), 
    optimizer= DAMGrepository.Adam(learning_rate=0.01, betas=(0.9, 0.999), eps=1e-08, weight_decay=0.0, amsgrad=False, maximize=False, capturable=False, differentiable=False, decoupled_weight_decay=False), 
    epochs= 2000
    )
","
Learner(
    model= (
        ((DAMGrepository.Linear(in_features=1, out_features=5, bias=True), 1, 5)) ; ((DAMGrepository.Sigmoid(), 1, 1) || (DAMGrepository.Sum(with_constant=0), 2, 1) || (DAMGrepository.Sum(with_constant=0), 2, 1)) ; ((DAMGrepository.ReLu(inplace=False), 2, 2) || (DAMGrepository.Linear(in_features=1, out_features=3, bias=False), 1, 3)) ; ((DAMGrepository.Sigmoid(), 1, 1) || (DAMGrepository.Linear(in_features=2, out_features=1, bias=False), 2, 1) || (DAMGrepository.Sum(with_constant=1), 2, 1)) ; ((DAMGrepository.Linear(in_features=3, out_features=1, bias=False), 3, 1))
        ), 
    loss= DAMGrepository.L1Loss(reduction='mean'), 
    optimizer= DAMGrepository.Adam(learning_rate=0.01, betas=(0.9, 0.999), eps=1e-08, weight_decay=0.0, amsgrad=False, maximize=False, capturable=False, differentiable=False, decoupled_weight_decay=False), 
    epochs= 2000
    )
",0.7856203317642212,0.024933909997344017,227.82067851070315,2.229712205938995,21982.53032627795,0.3724247841700306,0.36056153162562,,,,,,,0.9876721314456747,0.9398615430141651,0.9999602502424231
